000000,  -1.01  -4.18  -1.02   21.08 344.34
000000,  -0.93  -4.26  -1.33   21.06 344.32
000000,  -0.66  -4.12  -1.80   21.06 344.32
000000,  -0.75  -4.26  -1.58   21.09 344.34
000001,  -1.38  -3.49  -0.75   21.07 344.34
000001,  -2.22  -2.54  -0.73   21.08 344.34
000001,  -1.80  -2.49   0.16   21.07 344.34
000001,  -1.52  -3.28   0.05   21.07 344.34
000001,  -0.74  -2.30   0.97   21.01 344.30
000002,  -1.19  -1.64   1.04   21.03 344.30
000002,  -0.74  -1.81   1.21   21.08 344.34
000002,  -0.87  -3.31   0.55   21.05 344.32
000002,  -1.29  -2.73   0.86   21.07 344.34
000002,  -1.46  -3.10   0.61   21.07 344.34
000003,  -1.10  -2.62   0.95   21.09 344.34
000003,  -0.21  -2.69   1.71   21.07 344.34
000003,   0.37  -2.63   1.20   21.09 344.34
000003,   0.85  -3.57   1.09   21.10 344.34
000003,   0.24  -3.34   0.76   21.12 344.36
000004,   0.60  -3.33   0.94   21.12 344.36
000004,   0.38  -3.78   1.03   21.10 344.34
000004,   0.00  -3.70   1.16   21.03 344.30
000004,   0.05  -3.74   1.11   21.05 344.32
000004,  -0.39  -4.16   1.39   21.08 344.34
000005,  -0.15  -3.83   1.13   21.02 344.30
000005,  -0.31  -3.42   0.70   21.08 344.34
000005,  -0.52  -4.17   0.12   21.06 344.32
000005,  -0.87  -4.28   1.34   21.04 344.32
000005,  -0.34  -4.56   0.66   21.04 344.32
000006,  -0.09  -4.92   0.83   21.04 344.32
000006,  -0.40  -4.33   1.36   21.03 344.30
000006,   0.89  -4.77   2.07   21.04 344.32
000006,  -0.48  -4.62   1.29   21.00 344.28
000006,  -1.21  -3.97   0.03   20.99 344.28
000007,  -0.91  -3.06  -0.58   21.01 344.30
000007,  -1.27  -4.01  -0.08   20.97 344.28
000007,  -1.59  -3.81  -0.99   21.09 344.34
000007,  -1.00  -4.02  -0.74   21.08 344.34
000007,  -0.76  -3.63   0.05   21.02 344.30
000008,  -1.39  -3.76   0.45   21.09 344.34
000008,  -1.49  -3.26   0.36   21.12 344.36
000008,  -1.65  -3.79   0.02   21.13 344.36
000008,  -0.86  -4.51  -0.33   21.08 344.34
000008,  -1.49  -4.20  -0.97   21.08 344.34
000009,  -1.38  -4.70  -1.06   21.12 344.36
000009,  -1.08  -4.43  -0.43   21.08 344.34
000009,  -1.33  -4.37  -0.09   21.08 344.34
000009,  -1.11  -4.90   0.19   21.04 344.32
000009,  -1.46  -4.18  -0.19   21.11 344.36
000010,  -1.53  -3.62   0.19   21.10 344.34
000010,  -1.47  -3.93   0.21   21.06 344.32
000010,  -0.94  -5.03   0.57   21.04 344.32
000010,  -0.26  -4.39   0.51   21.06 344.32
000010,  -0.64  -4.19   0.32   21.03 344.30
000011,  -0.75  -4.40   0.78   21.06 344.32
000011,  -0.23  -4.65   1.32   21.05 344.32
000011,  -0.78  -4.56   1.80   21.02 344.30
000011,  -0.38  -3.91   0.11   21.05 344.32
000011,  -0.67  -4.53   0.22   21.03 344.30
000012,  -1.14  -3.33  -0.41   21.02 344.30
000012,  -0.47  -3.84  -0.36   21.05 344.32
000012,  -0.46  -3.42  -0.49   21.07 344.34
000012,  -0.97  -3.82  -0.86   21.02 344.30
000012,  -0.70  -4.10  -0.63   21.09 344.34
000013,  -0.55  -4.36  -0.94   21.04 344.32
000013,  -0.43  -3.77  -1.45   21.05 344.32
000013,  -1.01  -3.67  -1.50   21.05 344.32
000013,  -0.15  -4.47  -0.98   21.11 344.36
000013,  -0.57  -4.51  -0.52   21.08 344.34
000014,   0.04  -4.04  -0.19   21.01 344.30
000014,   0.05  -3.64  -0.17   21.02 344.30
000014,   0.62  -3.03  -0.03   21.01 344.30
000014,   0.33  -3.56   0.07   21.00 344.28
000014,   0.08  -4.70  -0.18   21.04 344.32
000015,   0.00  -4.51  -0.29   21.03 344.30
000015,  -0.07  -4.07  -1.05   21.08 344.34
000015,   0.25  -4.49  -0.09   20.97 344.28
000015,  -1.22  -4.55  -1.68   21.04 344.32
000015,  -1.36  -4.76  -1.82   21.05 344.32
000016,  -0.37  -4.89  -1.07   21.05 344.32
000016,  -0.59  -4.28  -0.42   21.04 344.32
000016,  -0.42  -3.99  -0.26   21.06 344.32
000016,  -0.07  -3.81  -0.14   21.07 344.34
000016,  -0.12  -3.87  -0.86   21.00 344.28
000017,  -0.84  -3.63  -0.38   21.05 344.32
000017,  -0.88  -3.63  -0.26   21.03 344.30
000017,  -1.44  -3.39  -0.63   21.05 344.32
000017,  -1.51  -4.40  -0.84   21.07 344.34
000017,  -0.80  -4.03  -0.22   21.06 344.32
000018,  -0.32  -4.19  -0.16   21.13 344.36
000018,  -0.53  -4.30  -0.08   21.09 344.34
000018,   0.21  -4.02  -0.08   21.09 344.34
000018,   0.08  -4.68  -0.18   21.10 344.34
000018,   0.00  -4.30   0.06   21.08 344.34
000019,  -0.40  -3.23  -0.47   21.06 344.32
000019,  -0.86  -3.51  -0.71   21.07 344.34
000019,  -0.52  -3.86  -0.50   21.03 344.30
000019,  -1.10  -4.16  -0.08   21.04 344.32
000019,  -1.09  -4.74  -0.19   21.09 344.34
000020,  -0.96  -4.80  -0.57   21.05 344.32
000020,  -1.59  -4.72  -0.28   21.02 344.30
000020,  -1.18  -4.17  -0.02   21.06 344.32
000020,  -1.25  -4.73  -0.44   21.07 344.34
000020,  -1.23  -4.54  -0.44   21.09 344.34
000021,  -1.19  -4.53  -0.48   21.07 344.34
000021,  -1.04  -4.69  -0.70   21.09 344.34
000021,  -0.77  -4.49  -0.65   21.03 344.30
000021,  -0.60  -4.82  -0.62   21.07 344.34
000021,  -0.16  -4.69  -0.63   21.07 344.34
000022,  -0.21  -4.12  -0.66   21.04 344.32
000022,  -1.21  -3.58  -0.93   21.05 344.32
000022,  -0.96  -3.41  -0.36   21.07 344.34
000022,  -0.81  -3.58  -0.27   21.08 344.34
000022,  -0.35  -3.77  -0.62   21.08 344.34
000023,  -0.47  -3.05  -0.40   21.06 344.32
000023,   0.02  -3.67  -0.51   21.00 344.28
000023,  -0.24  -3.53  -0.07   21.03 344.30
000023,   0.24  -2.97   0.06   20.99 344.28
000023,  -0.03  -2.66   0.07   21.01 344.30
000024,   0.06  -3.21   0.47   21.06 344.32
000024,   0.02  -3.22   0.77   21.03 344.30
000024,  -0.11  -2.97   0.11   21.02 344.30
000024,   0.03  -2.92  -0.58   21.01 344.30
000024,  -0.16  -2.63  -1.21   21.06 344.32
000025,   0.30  -2.84   0.03   20.99 344.28
000025,   0.17  -2.56  -0.56   21.04 344.32
000025,   0.32  -2.25   0.46   21.00 344.28
000025,   0.15  -1.94   0.37   20.98 344.28
000025,  -0.12  -2.40   0.89   20.94 344.26
000026,  -0.75  -2.44   0.04   21.02 344.30
000026,  -0.80  -3.09   0.29   20.97 344.28
000026,  -0.90  -3.31   0.75   21.00 344.28
000026,  -0.43  -2.27  -0.06   21.01 344.30
000026,  -0.44  -1.84   0.31   21.01 344.30
000027,  -0.86  -2.26   0.00   20.99 344.28
000027,  -0.20  -2.72  -0.15   21.01 344.30
000027,  -0.68  -2.64  -0.05   20.99 344.28
000027,   0.31  -2.88  -0.36   21.02 344.30
000027,  -0.54  -3.44   0.56   21.03 344.30
000028,  -0.05  -3.66   0.00   21.03 344.30
000028,  -0.30  -3.81  -0.07   21.07 344.34
000028,  -0.49  -3.93   0.00   21.05 344.32
000028,  -0.71  -3.76  -0.21   21.03 344.30
000028,  -0.51  -3.63  -0.46   21.03 344.30
000029,  -0.43  -3.63  -0.33   21.03 344.30
000029,  -0.17  -3.66  -0.30   21.05 344.32
000029,   0.01  -3.54  -0.39   21.03 344.30
000029,   0.00  -3.97  -0.31   21.05 344.32
000029,   0.01  -4.15  -0.53   21.03 344.30
000030,  -0.08  -4.39  -0.23   21.03 344.30
000030,   0.07  -4.47  -0.32   21.06 344.32
000030,   0.15  -4.81  -0.26   21.07 344.34
000030,  -0.06  -4.66  -0.33   21.05 344.32
000030,   0.17  -3.89  -0.32   21.03 344.30
000031,  -0.16  -4.50  -0.25   21.01 344.30
000031,  -0.15  -4.99  -0.02   21.05 344.32
000031,   0.46  -4.59  -0.72   21.04 344.32
000031,   0.70  -4.51  -0.70   21.09 344.34
000031,   0.22  -4.93  -0.15   21.07 344.34
000032,  -0.02  -4.65   0.22   21.07 344.34
000032,  -0.13  -4.55   0.32   21.04 344.32
000032,  -0.36  -4.33   0.30   21.01 344.30
000032,  -1.61  -4.44  -0.04   21.07 344.34
000032,  -1.12  -3.67  -0.36   21.05 344.32
000033,  -0.33  -3.93  -0.50   21.07 344.34
000033,  -0.44  -4.04  -0.28   21.03 344.30
000033,  -0.31  -4.01  -0.23   21.11 344.36
000033,  -0.36  -3.94  -0.26   21.07 344.34
000033,   0.21  -4.18  -0.04   21.03 344.30
000034,   0.30  -3.93  -0.11   21.03 344.30
000034,  -0.14  -3.65  -0.66   21.10 344.34
000034,   0.41  -3.34  -0.52   21.07 344.34
000034,   0.12  -3.64  -0.24   21.03 344.30
000034,   0.06  -3.89  -0.28   21.07 344.34
000035,   0.05  -3.74  -0.27   21.05 344.32
000035,   0.17  -3.80  -0.21   21.03 344.30
000035,   0.05  -3.81  -0.07   21.03 344.30
000035,  -0.10  -3.76   0.18   21.10 344.34
000035,  -0.04  -3.73   0.09   21.07 344.34
000036,  -0.21  -3.60   0.05   21.10 344.34
000036,  -0.19  -3.53  -0.01   21.07 344.34
000036,  -0.10  -3.44   0.02   21.08 344.34
000036,  -0.19  -3.45   0.06   21.10 344.34
000036,  -0.05  -3.19   0.08   21.07 344.34
000037,   0.03  -3.40  -0.10   21.05 344.32
000037,  -0.01  -3.53   0.04   21.07 344.34
000037,   0.00  -3.56  -0.10   21.05 344.32
000037,   0.04  -3.53  -0.01   21.08 344.34
000037,   0.24  -3.42  -0.18   21.05 344.32
000038,   0.13  -3.51  -0.32   21.08 344.34
000038,  -0.15  -3.49  -0.32   21.07 344.34
000038,  -0.25  -3.51  -0.27   21.08 344.34
000038,  -0.12  -2.88  -0.57   21.06 344.32
000038,   0.13  -3.03  -0.47   21.09 344.34
000039,   0.41  -3.26  -0.29   21.05 344.32
000039,   0.06  -3.43  -0.22   21.08 344.34
000039,   0.14  -3.58   0.14   21.07 344.34
000039,  -0.12  -3.49   0.45   21.07 344.34
000039,  -0.26  -4.02   0.55   21.03 344.30
000040,  -0.24  -4.08   1.16   21.01 344.30
000040,  -1.07  -4.56   1.27   21.00 344.28
000040,  -2.19  -4.09   0.56   21.05 344.32
000040,  -1.94  -3.81   0.00   21.04 344.32
000040,  -2.10  -3.13  -0.17   21.03 344.30
000041,  -2.04  -2.74  -0.40   21.10 344.34
000041,  -2.40  -2.76  -0.57   21.02 344.30
000041,  -2.24  -3.21   0.31   21.10 344.34
000041,  -1.83  -3.38   0.20   21.05 344.32
000041,  -1.67  -3.24   0.52   21.05 344.32
000042,  -0.34  -3.30  -0.07   21.03 344.30
000042,  -1.34  -3.38  -0.74   21.07 344.34
000042,  -2.47  -3.71   0.06   20.97 344.28
000042,  -3.78  -3.12   0.59   21.07 344.34
000042,  -3.06  -2.87   1.44   21.01 344.30
000043,  -2.17  -3.53   1.08   21.04 344.32
000043,  -1.37  -3.37   1.43   21.10 344.34
000043,  -0.74  -3.31   1.50   21.08 344.34
000043,  -1.77  -3.69   0.72   21.06 344.32
000043,  -1.86  -3.61   0.31   21.08 344.34
000044,  -1.93  -3.04  -0.03   21.05 344.32
000044,  -2.17  -2.98  -0.19   21.12 344.36
000044,  -1.95  -2.53   0.15   21.04 344.32
000044,  -2.19  -2.39  -0.12   21.06 344.32
000044,  -2.20  -2.12  -0.05   21.09 344.34
000045,  -2.02  -1.97  -0.10   21.11 344.36
000045,  -1.84  -1.75   0.16   21.06 344.32
000045,  -1.35  -2.02   0.52   21.07 344.34
000045,  -1.33  -1.93   0.59   21.06 344.32
000045,  -1.47  -2.21   0.82   21.07 344.34
000046,  -1.35  -2.34   0.65   21.07 344.34
000046,  -1.18  -2.38   0.69   21.11 344.36
000046,  -0.50  -2.48   0.54   21.11 344.36
000046,  -0.76  -2.29   0.07   21.01 344.30
000046,  -0.74  -2.34  -0.54   21.06 344.32
000047,  -1.22  -2.57  -0.79   21.01 344.30
000047,  -1.24  -2.60  -0.47   21.06 344.32
000047,  -1.22  -2.56  -0.03   21.07 344.34
000047,  -2.04  -2.16  -0.14   21.06 344.32
000047,  -1.84  -1.56   0.02   21.07 344.34
000048,  -1.33  -1.17  -0.15   21.06 344.32
000048,  -0.58  -1.18  -1.01   21.00 344.28
000048,  -0.36  -1.50  -0.21   21.05 344.32
000048,  -0.50  -1.38   0.40   21.06 344.32
000048,  -0.49  -1.52   0.42   21.08 344.34
000049,   0.54  -2.26   0.09   21.06 344.32
000049,  -0.86  -2.18   0.37   21.04 344.32
000049,  -0.16  -2.16  -0.64   21.01 344.30
000049,  -0.41  -2.91  -0.75   21.04 344.32
000049,  -0.29  -1.90   0.09   21.03 344.30
000050,  -0.41  -1.78  -0.65   21.00 344.28
000050,  -0.83  -1.92  -0.57   21.03 344.30
000050,  -1.53  -1.84   0.25   21.02 344.30
000050,  -1.29  -2.71   0.49   21.01 344.30
000050,  -0.03  -2.04   0.13   21.06 344.32
000051,  -1.19  -2.70   0.78   20.99 344.28
000051,  -1.07  -2.69   1.08   21.02 344.30
000051,  -0.99  -2.73   1.07   21.02 344.30
000051,  -1.70  -2.77   0.20   21.02 344.30
000051,  -2.09  -3.22  -0.18   21.05 344.32
000052,  -2.16  -3.08  -0.34   21.08 344.34
000052,  -2.18  -3.49  -0.43   21.06 344.32
000052,  -2.52  -3.86  -0.09   21.06 344.32
000052,  -2.41  -4.07  -0.71   21.00 344.28
000052,  -2.05  -3.69  -0.69   21.09 344.34
000053,  -2.00  -3.59  -0.52   21.06 344.32
000053,  -2.07  -3.41  -0.53   21.08 344.34
000053,  -1.84  -3.55  -0.36   21.03 344.30
000053,  -1.71  -3.12  -0.76   21.10 344.34
000053,  -1.28  -3.15  -0.44   21.05 344.32
000054,  -1.15  -2.89   0.91   21.06 344.32
000054,  -1.84  -2.76   0.75   21.00 344.28
000054,  -1.00  -3.19   0.52   21.00 344.28
000054,  -0.85  -3.13   0.70   20.98 344.28
000054,  -0.55  -3.14   0.91   20.95 344.26
000055,  -0.14  -3.72   0.86   20.98 344.28
000055,   0.05  -3.75   0.81   21.07 344.34
000055,   0.29  -3.81   0.67   21.03 344.30
000055,   0.06  -3.59   0.77   21.00 344.28
000055,  -0.17  -3.71   0.79   21.05 344.32
000056,  -1.49  -3.94   0.52   21.04 344.32
000056,  -1.67  -3.95   0.42   21.03 344.30
000056,  -1.82  -4.15   0.48   21.06 344.32
000056,  -1.71  -3.93   0.35   21.04 344.32
000056,  -1.87  -3.64   0.62   21.04 344.32
000057,  -2.09  -3.43   0.26   21.04 344.32
000057,  -2.09  -3.61  -0.06   21.06 344.32
000057,  -1.94  -4.35  -0.26   21.12 344.36
000057,  -2.68  -3.93  -0.14   21.10 344.34
000057,  -2.13  -3.51  -0.30   21.03 344.30
000058,  -3.00  -4.11   0.37   21.05 344.32
000058,  -2.90  -3.02  -0.01   21.04 344.32
000058,  -2.63  -3.12   0.80   21.03 344.30
000058,  -2.85  -3.13   0.59   21.06 344.32
000058,  -1.98  -3.10   0.20   21.03 344.30
000059,  -1.38  -4.35   0.38   20.99 344.28
000059,  -1.64  -4.43   0.48   21.02 344.30
000059,  -2.13  -4.16   0.01   21.09 344.34
000059,  -2.31  -3.75  -0.14   21.08 344.34
000059,  -1.33  -3.66   0.44   21.02 344.30
000100,  -1.15  -3.49   0.10   21.05 344.32
000100,  -2.03  -3.65  -0.48   21.06 344.32
000100,  -1.84  -3.52  -0.45   21.08 344.34
000100,  -2.23  -3.08  -0.49   21.05 344.32
000100,  -1.95  -3.12  -0.61   21.07 344.34
000101,  -0.89  -3.40  -0.38   21.03 344.30
000101,  -0.61  -2.59  -0.68   21.07 344.34
000101,  -0.48  -2.60  -0.45   21.06 344.32
000101,  -0.26  -3.53  -0.06   21.02 344.30
000101,  -0.81  -3.47   0.11   21.05 344.32
000102,  -0.84  -3.28   0.22   21.05 344.32
000102,  -0.74  -3.11   0.03   21.02 344.30
000102,  -0.77  -3.13   0.23   20.92 344.24
000102,  -1.45  -3.12  -0.07   21.02 344.30
000102,  -2.17  -2.90  -0.49   21.08 344.34
000103,  -1.86  -2.90   0.29   20.93 344.24
000103,  -1.67  -3.73   0.21   21.03 344.30
000103,  -1.65  -4.31  -0.01   21.04 344.32
000103,  -2.06  -4.32   0.01   21.02 344.30
000103,  -2.26  -3.54   0.05   21.04 344.32
000104,  -2.15  -3.71  -0.23   21.06 344.32
000104,  -1.92  -3.75  -0.03   21.06 344.32
000104,  -1.82  -3.83  -0.01   21.11 344.36
000104,  -1.88  -3.81  -0.01   21.08 344.34
000104,  -1.75  -3.52  -0.04   21.07 344.34
000105,  -1.79  -3.08  -0.21   21.08 344.34
000105,  -1.64  -3.03  -0.19   21.08 344.34
000105,  -1.71  -2.64  -0.45   21.11 344.36
000105,  -1.58  -2.51  -0.44   21.11 344.36
000105,  -1.74  -2.58  -0.39   21.06 344.32
000106,  -1.82  -3.07  -0.30   21.10 344.34
000106,  -1.88  -3.24  -0.03   21.08 344.34
000106,  -2.14  -2.75  -0.16   21.08 344.34
000106,  -1.95  -2.97  -0.11   21.05 344.32
000106,  -1.21  -2.93  -0.09   21.07 344.34
000107,  -1.84  -3.40   0.02   21.07 344.34
000107,  -2.05  -3.39  -0.28   21.03 344.30
000107,  -2.29  -3.37  -0.42   21.04 344.32
000107,  -2.33  -3.22  -0.45   21.05 344.32
000107,  -2.23  -3.43  -0.48   21.08 344.34
000108,  -2.26  -3.64  -0.83   21.08 344.34
000108,  -1.71  -3.72  -0.65   21.08 344.34
000108,  -2.05  -3.51  -1.05   21.08 344.34
000108,  -1.84  -3.16  -1.00   21.05 344.32
000108,  -2.13  -3.18  -0.45   21.10 344.34
000109,  -2.53  -2.64  -0.87   21.07 344.34
000109,  -2.60  -2.95  -0.68   21.07 344.34
000109,  -2.69  -2.57  -0.86   21.05 344.32
000109,  -1.47  -2.87  -0.46   21.07 344.34
000109,  -0.94  -2.86  -0.59   21.09 344.34
000110,  -0.50  -3.52  -0.10   20.96 344.26
000110,  -0.13  -3.34   0.05   21.03 344.30
000110,  -0.12  -2.97   0.25   21.01 344.30
000110,  -0.60  -2.56   0.82   20.90 344.24
000110,  -0.51  -2.27   0.94   20.94 344.26
000111,  -0.08  -2.70   0.51   20.99 344.28
000111,   0.30  -2.57   0.13   21.01 344.30
000111,  -0.42  -2.37  -0.05   21.01 344.30
000111,  -0.85  -2.11  -0.28   20.94 344.26
000111,  -1.09  -1.44  -0.36   21.08 344.34
000112,  -0.68  -1.66  -0.37   21.05 344.32
000112,  -0.86  -1.77  -0.35   21.03 344.30
000112,  -0.94  -1.77  -0.11   21.00 344.28
000112,  -0.86  -1.66  -0.05   20.98 344.28
000112,  -0.67  -1.87  -0.22   21.05 344.32
000113,  -0.28  -1.99   0.17   21.05 344.32
000113,  -0.35  -1.75  -0.15   21.06 344.32
000113,  -0.33  -1.42  -0.15   21.05 344.32
000113,  -0.42  -1.08  -0.24   21.05 344.32
000113,  -0.89  -1.06   0.01   21.03 344.30
000114,  -0.75  -0.99   0.10   20.98 344.28
000114,  -0.84  -0.95   0.15   21.00 344.28
000114,  -0.79  -0.74   0.04   20.98 344.28
000114,  -0.84  -1.46  -0.02   21.00 344.28
000114,  -0.53  -1.87   0.22   21.05 344.32
000115,  -0.59  -2.45  -0.01   21.06 344.32
000115,  -0.65  -2.80   0.69   21.02 344.30
000115,  -0.90  -2.72   0.03   21.01 344.30
000115,  -1.14  -2.48   0.13   21.07 344.34
000115,  -1.27  -2.61  -0.11   21.04 344.32
000116,  -0.73  -2.40   0.51   21.02 344.30
000116,  -0.90  -1.61   0.34   21.00 344.28
000116,  -1.29  -1.32  -0.18   21.06 344.32
000116,  -1.25  -2.36   0.42   21.02 344.30
000116,   0.19  -2.47   0.32   21.04 344.32
000117,   0.38  -2.75   0.54   20.99 344.28
000117,   0.35  -2.86   0.90   20.92 344.24
000117,   0.11  -2.43   1.25   20.99 344.28
000117,  -0.76  -1.95   0.64   21.00 344.28
000117,  -0.98  -2.45   0.82   20.99 344.28
000118,  -2.38  -4.01  -0.02   21.05 344.32
000118,  -1.71  -3.68  -0.57   20.99 344.28
000118,  -1.80  -4.30   0.01   20.95 344.26
000118,  -1.61  -3.49  -0.44   21.07 344.34
000118,  -1.49  -3.30  -0.38   20.95 344.26
000119,  -1.35  -3.11  -0.12   20.88 344.22
000119,  -1.00  -2.99   0.06   20.94 344.26
000119,  -0.75  -2.39  -0.22   20.95 344.26
000119,  -0.27  -2.48  -0.75   21.02 344.30
000119,  -2.29  -1.60  -0.66   21.09 344.34
000120,  -2.56  -2.77  -0.31   21.10 344.34
000120,  -1.32  -2.08   0.02   21.09 344.34
000120,  -1.81  -2.41   0.05   21.09 344.34
000120,  -2.24  -2.47   0.10   21.07 344.34
000120,  -2.04  -2.39   0.08   21.09 344.34
000121,  -2.01  -2.16  -0.03   21.09 344.34
000121,  -1.78  -2.08  -0.18   21.06 344.32
000121,  -1.58  -2.05  -0.77   21.09 344.34
000121,  -1.09  -2.81  -1.14   21.16 344.38
000121,  -1.58  -3.35  -1.12   21.29 344.46
000122,  -0.99  -3.38  -0.70   21.20 344.40
000122,  -2.06  -2.89  -0.83   21.12 344.36
000122,  -1.89  -3.29  -0.49   21.13 344.36
000122,  -2.37  -2.91   0.11   21.10 344.34
000122,  -1.95  -2.54   0.33   21.07 344.34
000123,  -1.93  -2.19   0.35   21.09 344.34
000123,  -1.93  -2.04   0.66   21.07 344.34
000123,  -2.10  -2.05   0.59   21.12 344.36
000123,  -1.99  -2.67  -0.77   21.13 344.36
000123,  -2.60  -2.60  -0.49   21.15 344.38
000124,  -2.48  -2.14  -0.05   21.11 344.36
000124,  -2.41  -2.17  -0.03   21.16 344.38
000124,  -3.12  -1.82   0.14   21.13 344.36
000124,  -2.97  -1.49  -0.09   21.13 344.36
000124,  -1.79  -1.48   0.08   21.11 344.36
000125,  -0.32  -1.65   1.65   21.08 344.34
000125,  -0.14  -1.84   1.94   21.07 344.34
000125,   0.67  -2.66   1.11   21.04 344.32
000125,   0.00  -2.90   1.96   21.02 344.30
000125,   0.20  -2.19   2.23   21.02 344.30
000126,   0.40  -2.91   2.73   21.02 344.30
000126,   0.00  -2.44   2.43   21.06 344.32
000126,  -0.21  -3.40   1.11   21.12 344.36
000126,   0.08  -1.90  -0.17   21.06 344.32
000126,   0.44  -1.87   0.06   21.10 344.34
000127,  -0.07  -2.46  -0.06   21.09 344.34
000127,  -0.17  -2.01  -0.59   21.10 344.34
000127,  -0.80  -1.86   0.25   21.10 344.34
000127,  -0.94  -1.82   0.30   21.15 344.38
000127,  -1.76  -1.65   0.60   21.14 344.38
000128,  -2.14  -1.88  -0.15   21.12 344.36
000128,  -2.21  -2.08   0.57   21.18 344.40
000128,  -2.88  -2.06  -0.13   21.17 344.38
000128,  -2.32  -3.35  -0.98   21.14 344.38
000128,  -1.65  -2.96  -1.14   21.07 344.34
000129,  -2.25  -2.28  -1.62   21.10 344.34
000129,  -2.06  -1.99  -2.02   21.22 344.42
000129,  -2.95  -1.85  -0.59   21.12 344.36
000129,  -2.84  -2.26  -0.71   21.15 344.38
000129,  -2.73  -1.30  -0.77   21.14 344.38
000130,  -1.49  -2.62  -0.60   21.14 344.38
000130,  -1.65  -2.59  -0.72   21.09 344.34
000130,  -1.19  -2.71  -1.34   21.09 344.34
000130,  -1.25  -2.35  -0.74   21.07 344.34
000130,  -1.83  -2.29  -0.53   21.04 344.32
000131,  -1.20  -2.43  -0.10   21.16 344.38
000131,  -0.98  -2.79   0.58   21.12 344.36
000131,  -1.35  -2.66   0.74   21.16 344.38
000131,  -0.99  -3.16   1.17   21.13 344.36
000131,  -0.97  -3.32   1.15   21.08 344.34
000132,  -0.55  -2.89   1.72   21.11 344.36
000132,   0.18  -2.53   1.31   21.09 344.34
000132,   0.61  -3.41   0.97   21.08 344.34
000132,   0.00  -2.94   0.79   21.09 344.34
000132,  -0.26  -2.88   0.95   21.11 344.36
000133,  -0.17  -2.85   0.76   21.07 344.34
000133,   0.53  -3.10   0.41   21.07 344.34
000133,   0.67  -2.85   0.36   21.11 344.36
000133,   1.24  -2.85  -0.08   21.07 344.34
000133,   0.97  -2.93  -0.33   21.11 344.36
000134,  -0.11  -2.48  -0.73   21.12 344.36
000134,  -0.04  -2.79  -0.46   21.06 344.32
000134,   0.32  -2.31   0.11   21.14 344.38
000134,  -0.45  -2.71   0.33   21.12 344.36
000134,  -0.60  -2.42   0.85   21.11 344.36
000135,  -0.42  -2.71   0.74   21.07 344.34
000135,  -0.93  -2.43   0.41   21.14 344.38
000135,  -0.91  -2.34  -0.31   21.11 344.36
000135,  -1.05  -1.81  -0.08   21.13 344.36
000135,  -0.29  -1.88  -1.39   21.08 344.34
000136,  -2.00  -1.29  -2.01   21.16 344.38
000136,  -1.36  -1.52  -2.13   21.09 344.34
000136,  -0.76  -1.32  -1.67   21.10 344.34
000136,  -0.63  -1.04  -2.27   21.08 344.34
000136,  -1.77  -0.96  -2.04   21.14 344.38
000137,  -0.39  -0.83  -1.73   21.08 344.34
000137,  -0.07  -0.38  -2.38   21.13 344.36
000137,   0.24  -1.17  -2.03   21.13 344.36
000137,  -0.02  -0.90  -1.76   21.08 344.34
000137,  -0.11  -1.69  -1.89   21.08 344.34
000138,  -0.26  -1.54  -1.89   21.11 344.36
000138,  -0.21  -1.27  -0.95   21.11 344.36
000138,   0.15  -2.05  -1.07   21.13 344.36
000138,   0.41  -2.01  -0.82   21.13 344.36
000138,   0.65  -2.72  -0.77   21.11 344.36
000139,   0.15  -2.55   0.08   21.14 344.38
000139,   0.11  -2.02  -0.64   21.13 344.36
000139,   0.30  -1.61  -0.58   21.11 344.36
000139,   0.37  -1.62  -0.69   21.13 344.36
000139,  -0.01  -1.09  -0.62   21.10 344.34
000140,  -0.91  -1.50  -0.74   21.11 344.36
000140,   0.05  -3.75  -1.48   21.07 344.34
000140,  -1.45  -4.00  -1.30   21.13 344.36
000140,   0.07  -5.08  -2.22   21.10 344.34
000140,  -1.81  -4.60  -0.15   20.97 344.28
000141,  -0.46  -3.71  -0.02   21.12 344.36
000141,  -0.77  -2.91  -0.61   21.09 344.34
000141,  -0.78  -3.75  -1.32   21.07 344.34
000141,  -0.30  -3.38  -0.76   21.08 344.34
000141,  -0.93  -3.92  -0.13   21.09 344.34
000142,  -1.18  -4.12   0.16   21.03 344.30
000142,  -1.96  -3.40  -0.18   21.02 344.30
000142,  -1.62  -3.42   0.11   21.10 344.34
000142,  -1.61  -3.72  -1.10   21.03 344.30
000142,   0.52  -4.61  -0.10   21.10 344.34
000143,  -0.43  -3.80   1.08   21.08 344.34
000143,   0.00  -4.27   0.00   21.06 344.32
000143,   0.05  -3.69  -1.02   21.07 344.34
000143,  -0.77  -3.80  -1.22   21.10 344.34
000143,  -1.42  -4.40  -1.89   21.09 344.34
000144,  -2.09  -3.94  -0.74   21.11 344.36
000144,  -1.96  -3.81  -1.30   21.13 344.36
000144,  -0.46  -4.56  -1.75   21.10 344.34
000144,  -0.28  -4.75  -1.31   21.09 344.34
000144,  -0.44  -4.22  -1.34   21.09 344.34
000145,  -0.07  -4.66  -0.49   21.04 344.32
000145,  -0.32  -4.53  -0.73   21.09 344.34
000145,  -0.26  -4.11  -1.05   21.09 344.34
000145,  -0.43  -4.39  -0.55   21.08 344.34
000145,  -0.75  -4.02  -0.38   21.08 344.34
000146,  -0.30  -3.95  -0.91   21.08 344.34
000146,  -0.21  -3.55  -0.79   21.03 344.30
000146,  -0.35  -4.13  -0.75   21.08 344.34
000146,  -0.38  -4.46  -0.14   21.09 344.34
000146,  -0.38  -4.11  -0.01   21.11 344.36
000147,  -0.45  -3.83  -0.21   21.07 344.34
000147,  -0.14  -3.76  -0.42   21.08 344.34
000147,  -0.28  -3.75  -0.48   21.08 344.34
000147,  -0.29  -3.90  -0.64   21.07 344.34
000147,  -0.01  -3.81  -0.73   21.07 344.34
000148,  -0.31  -3.84  -0.70   21.10 344.34
000148,  -0.74  -3.63  -0.26   21.07 344.34
000148,  -0.74  -3.15  -0.60   21.04 344.32
000148,  -0.89  -2.64  -1.15   21.07 344.34
000148,  -0.87  -2.86  -0.95   21.07 344.34
000149,  -0.97  -2.75  -0.62   21.09 344.34
000149,  -2.06  -2.71  -0.76   21.03 344.30
000149,  -2.29  -3.31  -1.28   21.09 344.34
000149,  -1.21  -3.20  -1.02   21.03 344.30
000149,  -0.69  -3.65  -0.67   21.00 344.28
000150,  -0.93  -3.79  -1.01   21.05 344.32
000150,  -1.29  -3.58  -0.89   21.05 344.32
000150,  -1.33  -3.26  -0.70   21.05 344.32
000150,  -1.12  -3.11  -0.73   21.08 344.34
000150,  -0.90  -2.97  -0.67   21.06 344.32
000151,  -0.96  -2.97  -0.55   21.11 344.36
000151,  -0.91  -2.81  -0.82   21.06 344.32
000151,  -0.74  -2.50  -0.71   21.06 344.32
000151,  -0.52  -2.50  -0.47   21.06 344.32
000151,  -0.59  -2.50  -0.62   21.07 344.34
000152,  -0.50  -2.35  -0.71   21.11 344.36
000152,  -0.43  -2.29  -0.51   21.07 344.34
000152,   0.15  -2.45  -0.39   21.07 344.34
000152,   0.22  -2.32  -0.30   21.11 344.36
000152,   0.17  -2.28  -0.37   21.06 344.32
000153,   0.04  -2.32  -0.21   21.11 344.36
000153,  -0.16  -2.13  -0.18   21.05 344.32
000153,  -0.19  -2.41  -0.22   21.07 344.34
000153,  -0.24  -2.21   0.08   21.06 344.32
000153,  -0.26  -2.10   0.10   21.05 344.32
000154,  -0.29  -2.14   0.01   21.06 344.32
000154,  -0.42  -2.21  -0.28   21.05 344.32
000154,   0.00  -2.12  -0.27   21.05 344.32
000154,   0.05  -3.20  -0.41   21.09 344.34
000154,  -0.22  -2.82  -0.56   21.11 344.36
000155,  -0.08  -2.74  -0.75   21.07 344.34
000155,  -0.17  -2.73  -0.65   21.11 344.36
000155,   0.41  -3.04  -0.46   21.07 344.34
000155,   0.32  -2.94  -0.21   21.06 344.32
000155,   0.30  -2.72  -0.24   21.07 344.34
000156,  -0.15  -2.90  -0.35   21.09 344.34
000156,  -0.28  -2.63  -0.45   21.07 344.34
000156,  -0.10  -2.28  -0.08   21.06 344.32
000156,   0.15  -2.35  -0.26   21.09 344.34
000156,   0.27  -1.94  -0.25   21.10 344.34
000157,   0.30  -1.88  -0.31   21.10 344.34
000157,   0.11  -2.53  -0.05   21.14 344.38
000157,  -0.24  -2.23  -0.21   21.22 344.42
000157,   0.03  -2.05  -0.08   21.22 344.42
000157,   0.15  -1.98  -0.14   21.15 344.38
000158,   0.19  -1.82  -0.60   21.22 344.42
000158,   0.21  -1.82  -0.72   21.27 344.44
000158,   0.00  -2.57  -0.69   21.14 344.38
000158,  -0.02  -3.29  -0.58   21.19 344.40
000158,  -0.32  -3.52  -0.53   21.08 344.34
000159,  -0.38  -3.67  -0.33   21.13 344.36
000159,  -0.38  -3.47   0.04   21.08 344.34
000159,  -0.49  -3.03   0.80   21.12 344.36
000159,  -0.70  -4.01   0.87   21.11 344.36
000159,  -0.76  -4.63   0.35   21.12 344.36
000200,  -2.16  -3.51  -0.12   21.08 344.34
000200,  -2.08  -3.34   0.11   21.02 344.30
000200,  -1.82  -2.84   0.38   21.03 344.30
000200,  -1.14  -3.14   0.35   21.07 344.34
000200,  -0.32  -3.32   0.51   21.03 344.30
000201,  -0.34  -3.57   0.74   21.05 344.32
000201,  -0.70  -3.48   0.85   21.19 344.40
000201,  -0.35  -3.83   0.42   21.19 344.40
000201,  -0.72  -4.21  -0.35   21.26 344.44
000201,  -0.57  -4.06  -0.75   21.25 344.44
000202,  -0.98  -3.87  -0.08   21.22 344.42
000202,  -0.75  -4.05   0.72   21.14 344.38
000202,  -0.75  -4.07   0.44   21.21 344.42
000202,  -0.68  -3.98   0.36   21.21 344.42
000202,  -0.32  -3.51   0.94   21.19 344.40
000203,  -0.30  -3.92   1.17   21.13 344.36
000203,  -0.34  -3.71   0.39   21.24 344.44
000203,  -0.61  -4.22  -0.32   21.50 344.58
000203,  -0.66  -4.75  -0.29   21.43 344.54
000203,  -0.59  -4.16  -0.37   21.45 344.56
000204,  -0.38  -4.52  -0.91   21.33 344.48
000204,  -0.93  -4.24  -0.57   21.44 344.54
000204,  -0.88  -3.53  -1.30   21.37 344.50
000204,  -1.66  -3.17  -1.43   21.43 344.54
000204,  -1.14  -2.40  -1.38   21.42 344.54
000205,  -1.42  -2.03  -1.09   21.43 344.54
000205,  -1.22  -2.79  -0.95   21.33 344.48
000205,  -1.38  -2.60  -0.48   21.31 344.48
000205,  -1.52  -2.56  -0.43   21.38 344.52
000205,  -1.84  -2.90  -0.72   21.39 344.52
000206,  -1.41  -2.86  -0.47   21.45 344.56
000206,  -1.60  -3.11  -0.15   21.73 344.72
000206,  -1.61  -3.12  -0.07   21.65 344.68
000206,  -1.22  -2.99   0.18   21.57 344.62
000206,  -1.63  -3.17   0.29   21.53 344.60
000207,  -1.80  -3.19   0.14   21.58 344.62
000207,  -1.72  -3.05  -0.22   21.65 344.68
000207,  -2.27  -3.25  -0.15   21.92 344.82
000207,  -2.30  -3.10  -1.33   21.70 344.70
000207,  -2.31  -2.03  -1.61   21.70 344.70
000208,  -2.38  -2.51  -0.62   21.84 344.78
000208,  -2.09  -2.96  -0.81   22.35 345.08
000208,  -2.63  -2.59  -0.95   22.01 344.88
000208,  -2.49  -2.93  -1.39   21.99 344.86
000208,  -3.05  -2.96  -1.01   21.86 344.80
000209,  -3.20  -2.50  -0.42   21.54 344.60
000209,  -3.05  -2.44  -0.23   21.20 344.40
000209,  -1.75  -2.73  -0.12   21.35 344.50
000209,  -1.49  -2.91  -0.57   21.55 344.62
000209,  -1.73  -2.81  -0.50   21.51 344.58
000210,  -1.66  -2.42  -0.48   21.38 344.52
000210,  -1.84  -2.52  -0.41   21.26 344.44
000210,  -2.12  -2.66  -0.67   21.17 344.38
000210,  -1.92  -2.64  -0.59   21.15 344.38
000210,  -1.84  -2.54  -0.73   21.26 344.44
000211,  -2.02  -2.29  -0.84   21.11 344.36
000211,  -2.24  -2.24  -0.66   21.06 344.32
000211,  -2.29  -2.21  -0.68   21.09 344.34
000211,  -2.30  -2.32  -0.64   21.08 344.34
000211,  -2.22  -2.40  -0.59   21.10 344.34
000212,  -2.37  -2.79  -0.57   21.41 344.52
000212,  -2.52  -2.54  -0.82   21.37 344.50
000212,  -2.46  -2.81  -1.03   21.41 344.52
000212,  -1.95  -2.35  -0.16   21.52 344.60
000212,  -2.12  -2.40   0.30   21.50 344.58
000213,  -2.80  -2.12  -0.11   21.49 344.58
000213,  -2.40  -2.58  -0.33   21.39 344.52
000213,  -2.14  -2.48  -0.16   21.31 344.48
000213,  -2.64  -2.72  -0.54   21.10 344.34
000213,  -2.55  -2.69  -0.47   21.10 344.34
000214,  -2.49  -2.91  -0.48   21.07 344.34
000214,  -2.34  -3.14  -0.54   21.08 344.34
000214,  -2.37  -3.46  -0.15   21.13 344.36
000214,  -2.22  -3.35   0.02   21.14 344.38
000214,  -2.04  -3.27  -0.58   21.56 344.62
000215,  -2.46  -3.31  -0.53   21.81 344.76
000215,  -2.62  -2.90  -0.50   21.65 344.68
000215,  -2.35  -3.21  -0.38   21.63 344.66
000215,  -2.57  -3.40  -0.46   21.62 344.66
000215,  -2.52  -3.18  -0.73   21.44 344.54
000216,  -2.21  -3.21  -0.74   21.60 344.64
000216,  -2.55  -2.98  -0.28   21.31 344.48
000216,  -2.26  -3.08  -0.45   21.27 344.44
000216,  -2.53  -3.18  -0.89   21.11 344.36
000216,  -2.38  -3.08  -0.52   21.08 344.34
000217,  -2.88  -2.88  -0.44   21.21 344.42
000217,  -3.14  -2.09  -0.81   22.14 344.96
000217,  -3.06  -2.02  -1.01   22.01 344.88
000217,  -2.84  -2.75  -0.92   21.13 344.36
000217,  -2.74  -3.03  -0.89   21.16 344.38
000218,  -2.28  -2.94  -0.86   21.17 344.38
000218,  -2.15  -2.93  -0.47   21.24 344.44
000218,  -2.02  -2.92  -0.16   21.20 344.40
000218,  -2.56  -3.09  -0.41   21.23 344.42
000218,  -2.74  -2.67  -0.44   21.22 344.42
000219,  -1.67  -2.84  -0.56   21.20 344.40
000219,  -2.74  -2.30  -0.54   21.19 344.40
000219,  -3.13  -2.05  -0.74   21.22 344.42
000219,  -2.14  -2.31  -0.07   21.19 344.40
000219,  -1.94  -2.20  -0.31   21.18 344.40
000220,  -2.51  -1.40  -0.63   21.16 344.38
000220,  -1.70  -1.16   0.48   21.11 344.36
000220,  -1.02  -2.45   1.00   21.18 344.40
000220,   0.08  -3.34  -0.95   21.10 344.34
000220,  -0.17  -2.68  -0.69   21.14 344.38
000221,  -0.83  -2.35  -0.48   21.21 344.42
000221,  -1.44  -2.31  -0.50   21.18 344.40
000221,  -1.66  -2.07  -0.30   21.19 344.40
000221,  -0.86  -2.16   0.08   21.19 344.40
000221,  -0.61  -2.58   0.17   21.18 344.40
000222,  -0.14  -2.19   0.27   21.18 344.40
000222,   0.03  -2.12   0.65   21.08 344.34
000222,  -0.13  -2.19   0.36   21.08 344.34
000222,  -0.24  -2.48   0.20   21.11 344.36
000222,  -0.45  -3.24   0.72   21.12 344.36
000223,  -1.01  -2.52   0.73   21.12 344.36
000223,  -0.91  -2.68   0.94   21.04 344.32
000223,  -1.10  -2.24   0.77   21.07 344.34
000223,  -1.05  -2.61   0.99   21.07 344.34
000223,  -1.07  -2.58   1.07   21.07 344.34
000224,  -1.18  -2.07   0.83   21.07 344.34
000224,  -1.21  -2.01   1.02   21.06 344.32
000224,  -1.58  -1.89   0.96   21.06 344.32
000224,  -1.39  -1.63   0.74   21.05 344.32
000224,  -1.48  -1.94   0.81   21.04 344.32
000225,  -1.40  -1.92   0.70   20.99 344.28
000225,  -1.53  -1.98   0.83   21.01 344.30
000225,  -1.39  -1.90   0.81   20.99 344.28
000225,  -1.17  -1.89   0.85   21.02 344.30
000225,  -1.28  -1.09   1.03   21.00 344.28
000226,  -1.21  -1.29   0.94   21.00 344.28
000226,  -0.82  -1.29   0.99   21.03 344.30
000226,  -1.15  -1.39   1.31   20.96 344.26
000226,  -1.12  -1.70   1.19   21.05 344.32
000226,  -1.73  -2.81   0.41   21.12 344.36
000227,  -1.96  -2.89   0.09   21.10 344.34
000227,  -1.54  -3.51   1.47   21.03 344.30
000227,  -1.86  -3.38   0.25   21.17 344.38
000227,  -1.48  -3.04   0.14   21.17 344.38
000227,  -1.95  -2.59  -0.34   21.14 344.38
000228,  -2.70  -2.75  -0.48   21.22 344.42
000228,  -2.37  -3.07  -0.49   21.19 344.40
000228,  -2.40  -3.29  -1.32   21.18 344.40
000228,  -2.09  -3.48  -1.05   21.11 344.36
000228,  -2.32  -4.01  -0.38   21.12 344.36
000229,  -2.42  -3.56  -0.39   21.16 344.38
000229,  -2.05  -3.25  -0.15   21.12 344.36
000229,  -2.28  -3.51  -0.64   21.11 344.36
000229,  -2.55  -3.38   0.12   21.09 344.34
000229,  -2.06  -3.56   0.20   21.11 344.36
000230,  -1.29  -3.19   0.88   21.12 344.36
000230,  -2.24  -3.09   0.87   21.08 344.34
000230,  -2.27  -2.97  -0.14   21.10 344.34
000230,  -2.32  -2.81  -0.80   21.10 344.34
000230,  -2.48  -2.74  -0.24   21.13 344.36
000231,  -2.31  -2.93  -0.26   21.08 344.34
000231,  -2.69  -2.77  -0.40   21.03 344.30
000231,  -2.53  -3.22   0.06   21.03 344.30
000231,  -2.41  -3.22  -0.51   21.06 344.32
000231,  -2.46  -3.27  -0.44   21.03 344.30
000232,  -2.67  -3.63  -0.20   21.06 344.32
000232,  -2.70  -3.79  -0.41   21.09 344.34
000232,  -2.55  -3.59  -0.39   21.03 344.30
000232,  -2.63  -3.61  -0.17   21.04 344.32
000232,  -2.41  -3.39  -0.22   21.06 344.32
000233,  -2.38  -3.11  -0.65   21.03 344.30
000233,  -2.20  -3.15  -0.61   21.03 344.30
000233,  -2.29  -2.96  -0.55   21.03 344.30
000233,  -2.08  -3.23  -0.42   21.07 344.34
000233,  -2.20  -3.32  -0.45   21.03 344.30
000234,  -2.17  -3.18  -0.58   21.07 344.34
000234,  -2.15  -3.39  -0.24   21.08 344.34
000234,  -2.16  -3.76  -0.19   21.11 344.36
000234,  -2.08  -3.84  -0.33   21.08 344.34
000234,  -1.84  -3.70  -0.31   21.13 344.36
000235,  -1.39  -3.37  -0.27   21.13 344.36
000235,  -0.90  -2.85  -0.61   21.04 344.32
000235,  -1.40  -3.48  -0.47   21.10 344.34
000235,  -1.19  -3.56  -0.20   21.10 344.34
000235,  -1.22  -2.82  -0.38   21.09 344.34
000236,  -1.06  -2.75  -0.96   21.04 344.32
000236,  -2.01  -2.46  -1.03   21.05 344.32
000236,  -1.81  -2.40  -0.61   21.01 344.30
000236,  -2.17  -3.41  -0.12   21.01 344.30
000236,  -2.10  -3.03  -0.11   21.08 344.34
000237,  -1.75  -3.13  -0.19   21.05 344.32
000237,  -1.85  -2.93  -0.33   21.05 344.32
000237,  -2.09  -2.96  -0.32   21.03 344.30
000237,  -2.31  -2.92  -0.39   21.05 344.32
000237,  -2.35  -2.75  -0.32   21.03 344.30
000238,  -2.48  -2.90  -0.02   21.07 344.34
000238,  -2.54  -2.90  -0.21   21.02 344.30
000238,  -2.18  -2.52  -0.06   21.00 344.28
000238,  -2.01  -2.65  -0.11   21.02 344.30
000238,  -1.82  -2.35  -0.21   21.01 344.30
000239,  -1.76  -2.72  -0.59   21.02 344.30
000239,  -2.04  -2.68  -0.55   21.02 344.30
000239,  -1.68  -3.13  -0.50   20.95 344.26
000239,  -1.88  -2.87  -0.41   20.88 344.22
000239,  -1.52  -3.02   0.16   20.93 344.24
000240,  -1.97  -3.09   0.72   20.95 344.26
000240,  -1.86  -2.59   0.69   20.92 344.24
000240,  -2.11  -2.68   0.31   21.05 344.32
000240,  -2.51  -2.59  -0.05   21.03 344.30
000240,  -2.68  -2.72   0.09   21.07 344.34
000241,  -2.49  -2.71  -0.33   21.05 344.32
000241,  -2.59  -2.51  -0.34   21.07 344.34
000241,  -2.49  -3.30   0.35   20.97 344.28
000241,  -2.18  -3.31   0.85   21.03 344.30
000241,  -2.01  -2.90   0.76   21.07 344.34
000242,  -2.18  -2.77   0.44   21.02 344.30
000242,  -1.63  -2.80   1.01   21.02 344.30
000242,  -2.12  -3.33   0.65   21.02 344.30
000242,  -2.48  -3.17   0.82   21.03 344.30
000242,  -2.16  -3.27   0.73   21.03 344.30
000243,  -1.98  -3.40   0.27   21.10 344.34
000243,  -1.84  -3.59  -0.01   21.04 344.32
000243,  -2.04  -3.80  -0.39   21.11 344.36
000243,  -2.00  -3.81  -0.50   21.14 344.38
000243,  -1.91  -3.77  -0.53   21.11 344.36
000244,  -2.31  -3.53  -0.69   21.09 344.34
000244,  -2.16  -3.36  -0.57   21.08 344.34
000244,  -1.95  -3.52  -0.56   21.11 344.36
000244,  -1.64  -3.42  -0.56   21.13 344.36
000244,  -0.64  -3.67  -0.11   21.07 344.34
000245,  -0.57  -3.51  -0.01   21.05 344.32
000245,  -1.28  -3.67  -0.10   21.07 344.34
000245,  -1.06  -3.90  -0.34   21.08 344.34
000245,  -0.49  -4.02  -0.64   21.08 344.34
000245,  -0.97  -3.45  -0.99   21.05 344.32
000246,  -1.15  -3.23  -0.44   21.05 344.32
000246,  -1.11  -2.77  -1.07   21.07 344.34
000246,  -0.69  -3.35  -1.12   21.12 344.36
000246,  -0.09  -2.97  -0.82   21.09 344.34
000246,   0.14  -3.12  -0.77   21.09 344.34
000247,  -0.86  -3.26   0.88   21.10 344.34
000247,  -0.77  -3.44   1.50   21.10 344.34
000247,  -0.59  -2.81   1.82   21.09 344.34
000247,   0.00  -2.72   1.41   21.11 344.36
000247,   0.04  -2.85   1.21   20.99 344.28
000248,   0.00  -2.80   1.29   21.04 344.32
000248,   0.09  -2.91   1.02   21.02 344.30
000248,   0.14  -3.15   1.26   20.96 344.26
000248,   0.15  -3.32   0.87   21.03 344.30
000248,   0.04  -3.16   0.55   21.11 344.36
000249,  -0.23  -2.32   1.31   20.99 344.28
000249,  -0.64  -2.30   1.49   21.04 344.32
000249,  -0.11  -2.18   1.02   20.99 344.28
000249,  -0.18  -2.22   0.74   20.96 344.26
000249,  -0.22  -2.51   1.06   20.99 344.28
000250,  -0.50  -2.16   1.77   20.97 344.28
000250,  -1.16  -2.90   1.95   20.98 344.28
000250,  -0.96  -3.40  -0.01   21.03 344.30
000250,  -0.71  -3.50   0.56   21.08 344.34
000250,  -0.17  -3.67   0.57   21.05 344.32
000251,  -0.18  -2.91   0.65   21.01 344.30
000251,  -0.26  -2.56   1.04   21.02 344.30
000251,  -0.47  -2.33   0.24   21.09 344.34
000251,  -0.08  -2.81   0.20   21.07 344.34
000251,  -0.34  -3.12   0.15   21.06 344.32
000252,  -0.29  -3.44   0.11   21.08 344.34
000252,  -0.24  -3.18   0.36   21.09 344.34
000252,  -0.21  -3.53   0.13   21.10 344.34
000252,   0.32  -3.77   0.19   21.07 344.34
000252,   0.66  -3.36  -0.51   21.05 344.32
000253,   1.00  -3.52  -0.24   21.08 344.34
000253,   0.97  -3.27  -0.35   21.10 344.34
000253,   0.66  -2.98  -0.06   21.09 344.34
000253,   0.45  -3.18   0.02   21.06 344.32
000253,   0.42  -2.73   0.33   21.09 344.34
000254,   0.26  -2.79   0.49   21.09 344.34
000254,   0.34  -2.91   0.38   21.11 344.36
000254,   1.08  -2.69   0.56   21.11 344.36
000254,   0.83  -2.77   0.25   21.09 344.34
000254,   0.93  -2.75  -0.16   21.14 344.38
000255,   0.96  -3.55   0.38   21.10 344.34
000255,   0.55  -3.39   0.42   21.10 344.34
000255,   0.79  -3.67   0.52   21.12 344.36
000255,   1.05  -3.61  -0.07   21.05 344.32
000255,   0.39  -3.62  -0.57   21.05 344.32
000256,   1.91  -3.49  -0.83   21.08 344.34
000256,   1.77  -3.02  -0.81   21.10 344.34
000256,   1.85  -2.60  -0.88   21.04 344.32
000256,   1.73  -1.71  -0.72   21.04 344.32
000256,   1.69  -1.36  -0.60   21.06 344.32
000257,   1.57  -1.16  -0.99   21.03 344.30
000257,   1.30  -0.82  -0.85   21.05 344.32
000257,   0.86  -1.04  -1.40   21.06 344.32
000257,   0.86  -0.87  -1.39   21.03 344.30
000257,   0.73  -1.22  -1.16   21.08 344.34
000258,   0.98  -1.04  -1.08   21.10 344.34
000258,   0.91  -0.87  -0.86   21.06 344.32
000258,   1.19  -0.77  -0.82   21.06 344.32
000258,   1.29  -0.93  -0.72   21.06 344.32
000258,   1.58  -0.86  -0.56   21.10 344.34
000259,   1.31  -0.92  -0.41   21.08 344.34
000259,   1.42  -1.02  -0.18   21.10 344.34
000259,   1.27  -1.33   0.09   21.06 344.32
000259,   1.03  -1.37   0.19   21.10 344.34
000259,   1.35  -1.40  -0.45   21.06 344.32
000300,   1.08  -1.87  -0.33   21.06 344.32
000300,   1.25  -1.96  -0.35   21.06 344.32
000300,   1.64  -2.24  -0.45   21.07 344.34
000300,   1.96  -2.29  -0.44   21.09 344.34
000300,   1.04  -2.29  -0.62   21.06 344.32
000301,   1.00  -2.48  -0.79   21.06 344.32
000301,   0.72  -2.03  -0.98   21.06 344.32
000301,   0.99  -2.07  -0.68   21.09 344.34
000301,   0.85  -2.15  -0.54   21.07 344.34
000301,   1.00  -1.39   0.07   21.06 344.32
000302,   1.30  -1.13   0.51   21.06 344.32
000302,   1.07  -1.28   0.12   21.08 344.34
000302,   0.66  -1.31  -0.29   21.05 344.32
000302,   0.39  -1.15   0.01   21.08 344.34
000302,   0.37  -1.21   0.32   21.06 344.32
000303,   0.81  -1.01   0.26   21.08 344.34
000303,   0.95  -0.59   0.13   21.10 344.34
000303,   1.49  -1.32   0.39   21.08 344.34
000303,   0.76  -1.70   0.23   21.06 344.32
000303,   0.69  -1.37   0.11   21.06 344.32
000304,   0.89  -1.01   0.19   21.06 344.32
000304,   0.76  -0.84   0.27   21.06 344.32
000304,   0.63  -0.91   0.62   21.10 344.34
000304,   0.70  -1.20   0.28   21.08 344.34
000304,   0.84  -0.86   0.20   21.08 344.34
000305,   0.88  -1.13   0.22   21.08 344.34
000305,   0.20  -1.37   0.86   20.98 344.28
000305,   0.04  -1.59   0.58   21.08 344.34
000305,   0.24  -2.10   0.60   21.08 344.34
000305,   0.52  -1.62   0.30   21.06 344.32
000306,   0.80  -1.21   0.17   21.08 344.34
000306,   0.89  -1.15   0.40   21.10 344.34
000306,   0.43  -1.40   0.48   21.05 344.32
000306,  -0.62  -1.93   0.55   21.03 344.30
000306,  -0.32  -1.57   0.13   21.06 344.32
000307,   0.00  -1.98  -0.10   21.05 344.32
000307,  -0.34  -2.07   0.10   21.06 344.32
000307,  -0.12  -1.80   0.53   21.06 344.32
000307,  -0.20  -1.82   0.43   21.08 344.34
000307,  -0.16  -2.13   0.64   21.08 344.34
000308,   0.18  -2.11   0.73   21.10 344.34
000308,  -0.17  -1.91   1.08   21.10 344.34
000308,  -0.34  -2.79   0.32   21.04 344.32
000308,  -0.04  -3.06   0.32   20.97 344.28
000308,   0.20  -2.61   0.31   21.02 344.30
000309,  -0.31  -2.61  -0.47   20.99 344.28
000309,   0.04  -2.63  -0.10   20.97 344.28
000309,  -0.17  -2.87   0.39   20.99 344.28
000309,  -0.16  -2.67   0.35   20.97 344.28
000309,  -0.58  -2.90   0.63   20.95 344.26
000310,  -0.61  -3.00   0.15   21.02 344.30
000310,  -0.64  -3.72   0.29   21.02 344.30
000310,  -0.34  -3.90   0.65   20.96 344.26
000310,  -0.38  -3.55   0.98   20.98 344.28
000310,   0.08  -3.63   0.46   21.02 344.30
000311,   0.00  -3.25   0.54   21.03 344.30
000311,  -0.07  -3.08   0.26   21.02 344.30
000311,   0.04  -3.03   0.19   21.06 344.32
000311,  -0.05  -2.89   0.22   21.09 344.34
000311,   0.42  -2.99   0.82   21.04 344.32
000312,   0.34  -3.17   0.73   21.06 344.32
000312,   0.32  -2.99   0.36   21.11 344.36
000312,   0.50  -2.92  -0.06   21.09 344.34
000312,   0.31  -2.86  -0.14   21.04 344.32
000312,   0.28  -2.61  -0.10   21.11 344.36
000313,   0.11  -2.74  -0.15   21.09 344.34
000313,   0.02  -2.84  -0.25   21.07 344.34
000313,  -0.26  -2.92  -0.11   21.11 344.36
000313,  -0.46  -2.74  -0.15   21.06 344.32
000313,  -0.61  -2.89   0.25   21.07 344.34
000314,  -0.14  -2.73   0.15   21.07 344.34
000314,  -0.17  -2.74   0.13   21.09 344.34
000314,   0.09  -2.40   0.36   21.06 344.32
000314,   0.04  -2.42   0.25   21.06 344.32
000314,   0.02  -2.39   0.38   21.07 344.34
000315,  -0.52  -2.79  -0.29   21.11 344.36
000315,  -0.25  -3.21  -0.12   21.07 344.34
000315,  -0.34  -3.18  -0.23   21.06 344.32
000315,  -0.27  -2.93  -0.14   21.09 344.34
000315,  -0.39  -2.98  -0.26   21.07 344.34
000316,  -0.52  -3.06  -0.26   21.09 344.34
000316,  -0.58  -3.14  -0.31   21.09 344.34
000316,  -0.58  -2.99  -0.16   21.09 344.34
000316,  -0.50  -2.94  -0.09   21.06 344.32
000316,  -0.33  -3.06  -0.06   21.09 344.34
000317,  -0.41  -2.91  -0.16   21.07 344.34
000317,  -0.75  -2.66  -0.19   21.06 344.32
000317,  -0.89  -2.64  -0.15   21.09 344.34
000317,  -0.60  -2.51  -0.33   21.11 344.36
000317,  -0.39  -2.81   0.04   21.09 344.34
000318,  -0.04  -3.18  -0.12   21.02 344.30
000318,  -0.20  -3.04  -0.11   21.06 344.32
000318,  -0.65  -3.14  -0.25   21.09 344.34
000318,  -0.41  -3.58  -0.14   21.07 344.34
000318,  -0.69  -3.62  -0.46   21.10 344.34
000319,  -0.49  -3.63  -0.23   21.08 344.34
000319,  -0.68  -3.46  -0.27   21.08 344.34
000319,  -0.87  -3.63  -0.20   21.08 344.34
000319,  -0.78  -3.27  -0.15   21.07 344.34
000319,  -1.06  -3.17  -0.38   21.08 344.34
000320,  -0.83  -2.88  -0.38   21.09 344.34
000320,  -0.90  -2.26  -0.17   21.07 344.34
000320,  -0.29  -2.44   1.14   20.99 344.28
000320,  -0.44  -2.81   0.29   21.06 344.32
000320,  -0.70  -2.39   0.03   21.07 344.34
000321,   0.08  -1.97  -0.53   21.11 344.36
000321,  -0.47  -1.99   0.13   21.05 344.32
000321,  -0.20  -2.35   0.24   21.09 344.34
000321,   0.08  -2.67   0.44   21.06 344.32
000321,  -0.05  -2.66   0.38   21.04 344.32
000322,   0.00  -2.65   1.13   21.04 344.32
000322,   0.00  -2.43   1.10   21.07 344.34
000322,  -0.49  -2.46   0.70   21.11 344.36
000322,  -0.08  -2.86  -0.33   21.09 344.34
000322,  -0.13  -2.32  -0.42   21.09 344.34
000323,  -0.24  -2.05  -0.08   21.06 344.32
000323,  -0.03  -2.33  -0.32   21.09 344.34
000323,  -0.70  -2.60  -0.85   21.09 344.34
000323,  -0.94  -2.77  -0.81   21.07 344.34
000323,  -1.06  -3.00  -0.90   21.04 344.32
000324,  -1.58  -2.52  -1.43   21.06 344.32
000324,  -1.68  -2.67  -0.52   21.04 344.32
000324,  -2.30  -3.18  -0.70   21.08 344.34
000324,  -2.00  -2.62  -0.38   21.07 344.34
000324,  -1.75  -2.14  -0.29   21.06 344.32
000325,  -0.82  -2.45   0.51   21.01 344.30
000325,  -0.33  -2.37   0.45   21.07 344.34
000325,  -0.49  -2.42   0.72   21.07 344.34
000325,  -0.31  -2.26   1.38   21.04 344.32
000325,  -0.61  -3.51  -0.68   21.05 344.32
000326,  -0.39  -3.93  -0.51   21.02 344.30
000326,  -0.41  -3.83  -0.21   21.03 344.30
000326,  -0.27  -3.42  -0.10   21.03 344.30
000326,  -0.96  -3.17  -0.63   21.07 344.34
000326,  -0.33  -3.18  -1.10   21.05 344.32
000327,  -0.83  -3.24  -0.83   21.00 344.28
000327,  -0.83  -2.98  -0.51   21.02 344.30
000327,  -0.64  -3.57  -0.03   21.02 344.30
000327,  -0.74  -3.63  -0.11   21.08 344.34
000327,  -1.03  -3.49  -0.12   21.05 344.32
000328,  -1.34  -3.41  -0.14   20.93 344.24
000328,  -1.36  -3.64  -0.12   21.00 344.28
000328,  -1.40  -3.68  -0.61   20.98 344.28
000328,  -0.91  -4.10  -0.53   21.08 344.34
000328,  -0.43  -4.69  -0.45   21.04 344.32
000329,  -0.80  -4.88   0.10   21.07 344.34
000329,  -0.35  -4.86   0.46   20.97 344.28
000329,  -0.50  -4.24   0.55   21.01 344.30
000329,  -0.40  -3.46   0.93   20.96 344.26
000329,  -0.70  -3.62   1.27   21.02 344.30
000330,  -0.70  -3.89   0.77   21.08 344.34
000330,  -0.93  -3.73   0.57   21.05 344.32
000330,  -0.97  -3.68   0.55   21.08 344.34
000330,  -0.92  -3.80   0.65   21.07 344.34
000330,  -0.87  -3.71   0.38   21.07 344.34
000331,  -0.94  -3.95  -0.65   21.06 344.32
000331,  -0.97  -4.13  -0.16   21.03 344.30
000331,  -0.52  -4.48  -1.16   21.04 344.32
000331,  -0.85  -4.38  -0.90   21.06 344.32
000331,  -0.73  -4.72  -1.12   21.05 344.32
000332,  -0.86  -5.23  -0.57   21.03 344.30
000332,  -1.41  -4.33   0.40   21.03 344.30
000332,  -1.12  -4.05  -0.19   21.01 344.30
000332,  -0.81  -4.12   0.53   21.08 344.34
000332,  -0.49  -3.58   0.65   21.07 344.34
000333,  -0.74  -3.66   0.46   21.00 344.28
000333,  -0.53  -3.56  -0.05   21.03 344.30
000333,  -0.11  -3.29  -0.60   21.07 344.34
000333,  -0.61  -3.26  -0.42   21.03 344.30
000333,  -1.06  -3.03  -0.02   21.04 344.32
000334,  -0.94  -3.28  -0.66   21.02 344.30
000334,  -1.21  -3.19  -0.44   21.05 344.32
000334,  -1.32  -3.08  -0.30   21.07 344.34
000334,  -0.69  -3.12  -0.74   21.04 344.32
000334,  -0.79  -3.30  -0.66   21.05 344.32
000335,  -0.83  -2.75  -0.57   21.09 344.34
000335,  -1.04  -3.04  -0.69   21.07 344.34
000335,  -1.03  -2.85  -0.51   21.07 344.34
000335,  -0.82  -3.08   0.03   21.07 344.34
000335,  -0.61  -3.06   0.06   21.07 344.34
000336,  -0.76  -2.86  -0.34   21.06 344.32
000336,  -1.06  -3.60  -0.47   21.07 344.34
000336,  -0.95  -3.44  -0.34   21.05 344.32
000336,  -1.27  -3.47  -0.47   21.07 344.34
000336,  -1.15  -3.03  -0.64   21.07 344.34
000337,  -0.61  -2.98  -1.19   21.09 344.34
000337,   0.63  -4.05  -1.52   21.09 344.34
000337,   0.96  -4.51  -0.92   21.05 344.32
000337,   1.16  -4.03  -1.22   21.04 344.32
000337,   0.26  -3.55  -0.24   21.07 344.34
000338,   0.00  -4.03   0.26   21.08 344.34
000338,  -0.06  -4.02  -0.01   21.03 344.30
000338,  -0.30  -3.37   0.08   21.07 344.34
000338,   0.32  -3.93   0.02   21.07 344.34
000338,   0.85  -3.76   0.30   21.07 344.34
000339,   0.67  -3.23   0.16   21.03 344.30
000339,  -0.53  -2.28  -0.23   21.01 344.30
000339,  -0.89  -2.46  -0.83   21.09 344.34
000339,  -1.04  -2.74  -0.99   21.07 344.34
000339,  -0.23  -2.96  -0.78   21.09 344.34
000340,  -0.13  -3.00  -1.22   21.06 344.32
000340,  -0.28  -3.48  -0.82   21.12 344.36
000340,   0.27  -3.56  -0.61   21.10 344.34
000340,   0.18  -3.46  -0.48   21.15 344.38
000340,   0.16  -3.25  -0.58   21.08 344.34
000341,   0.26  -3.25  -0.63   21.08 344.34
000341,   0.13  -3.04  -0.31   21.07 344.34
000341,   0.04  -2.86  -0.26   21.07 344.34
000341,  -0.26  -2.60  -0.28   21.09 344.34
000341,   0.03  -2.34   0.18   21.12 344.36
000342,   0.00  -2.66   0.26   21.14 344.38
000342,  -0.29  -2.47   0.09   21.14 344.38
000342,   0.09  -3.54   0.44   21.03 344.30
000342,   0.21  -3.36   0.14   21.17 344.38
000342,   0.14  -3.14  -0.12   21.09 344.34
000343,   0.23  -3.01   0.03   21.12 344.36
000343,   0.49  -2.63  -0.05   21.11 344.36
000343,   0.20  -3.21   0.16   21.02 344.30
000343,   0.19  -2.44   0.36   20.97 344.28
000343,   0.05  -3.03   0.64   21.06 344.32
000344,   0.00  -2.69   0.76   21.06 344.32
000344,  -0.57  -2.10   0.18   21.10 344.34
000344,  -0.23  -2.16   0.23   21.11 344.36
000344,  -0.79  -2.38  -0.45   21.12 344.36
000344,  -1.51  -2.97   0.01   21.08 344.34
000345,  -0.65  -2.76   0.66   21.07 344.34
000345,  -0.67  -2.66   0.49   21.12 344.36
000345,  -0.54  -3.11   0.49   21.12 344.36
000345,  -0.24  -2.85   0.51   21.06 344.32
000345,  -0.27  -2.91   0.33   21.07 344.34
000346,   0.29  -2.73   0.43   21.07 344.34
000346,   0.39  -2.30  -0.04   21.11 344.36
000346,  -0.05  -2.11  -0.33   21.10 344.34
000346,  -0.39  -2.07  -0.23   21.11 344.36
000346,  -0.37  -1.98  -0.23   21.08 344.34
000347,  -0.81  -2.00  -0.12   21.03 344.30
000347,  -1.00  -2.15  -0.01   21.12 344.36
000347,  -1.01  -1.82   0.01   21.11 344.36
000347,  -1.40  -1.53   0.07   21.08 344.34
000347,  -1.51  -1.28  -0.04   21.10 344.34
000348,  -1.44  -0.91   0.09   21.10 344.34
000348,  -1.47  -1.12  -0.05   21.03 344.30
000348,  -1.23  -1.17  -0.06   21.06 344.32
000348,  -0.55  -1.27  -0.03   21.08 344.34
000348,  -0.19  -1.38   0.32   21.10 344.34
000349,  -0.25  -1.73   0.61   21.18 344.40
000349,  -0.48  -1.81   0.68   21.13 344.36
000349,  -0.75  -2.07   0.91   21.12 344.36
000349,  -0.92  -2.41   0.46   21.18 344.40
000349,  -0.87  -2.61   0.18   21.11 344.36
000350,  -1.10  -2.32   0.03   21.12 344.36
000350,  -1.22  -2.42   0.23   21.11 344.36
000350,  -1.32  -2.47   0.44   21.14 344.38
000350,  -1.89  -2.45   0.48   21.14 344.38
000350,  -1.81  -2.37   0.70   21.18 344.40
000351,  -1.93  -2.61   0.12   21.18 344.40
000351,  -1.78  -2.76   0.27   21.20 344.40
000351,  -1.71  -2.97   0.18   21.17 344.38
000351,  -1.58  -3.06   0.04   21.17 344.38
000351,  -1.25  -2.74   0.54   21.12 344.36
000352,  -1.26  -2.19   0.53   21.16 344.38
000352,  -1.03  -1.92   0.25   21.17 344.38
000352,  -0.74  -2.01  -0.08   21.17 344.38
000352,  -0.71  -1.99   0.03   21.11 344.36
000352,  -0.66  -1.67  -0.12   21.15 344.38
000353,  -0.89  -1.59   0.05   21.13 344.36
000353,  -0.85  -1.61   0.05   21.10 344.34
000353,  -0.92  -1.35  -0.17   21.11 344.36
000353,  -1.07  -0.90  -0.33   21.18 344.40
000353,  -1.32  -0.57  -0.06   21.25 344.44
000354,  -1.28  -0.26   0.12   21.30 344.46
000354,  -1.08  -0.64  -0.12   21.27 344.44
000354,  -1.11  -1.06  -0.44   21.29 344.46
000354,  -0.98  -1.70   0.05   21.20 344.40
000354,  -0.69  -1.74   0.36   21.20 344.40
000355,  -0.62  -1.62   0.20   21.17 344.38
000355,  -1.18  -1.40  -0.10   21.30 344.46
000355,  -1.24  -1.65  -0.26   21.37 344.50
000355,  -1.32  -1.70  -0.22   21.32 344.48
000355,  -1.06  -1.50  -0.58   21.30 344.46
000356,  -1.49  -1.21  -0.10   21.22 344.42
000356,  -1.14  -1.10  -0.03   21.20 344.40
000356,  -1.65  -0.68   0.46   21.18 344.40
000356,  -2.11  -0.85   0.56   21.23 344.42
000356,  -1.52  -1.10   0.61   21.23 344.42
000357,  -1.16  -2.24   0.46   21.19 344.40
000357,  -0.68  -2.55   0.65   21.23 344.42
000357,  -1.29  -3.00  -0.02   21.30 344.46
000357,  -1.06  -3.17  -0.38   21.25 344.44
000357,  -1.17  -3.18  -0.65   21.24 344.44
000358,  -0.92  -2.81  -0.70   21.43 344.54
000358,  -1.17  -3.44  -1.08   21.27 344.44
000358,  -2.08  -3.28  -0.64   21.25 344.44
000358,  -2.50  -2.06   0.43   21.36 344.50
000358,  -2.09  -1.90   0.25   21.38 344.52
000359,  -1.77  -2.11  -0.01   21.19 344.40
000359,  -1.69  -1.80  -0.17   21.28 344.46
000359,  -1.95  -1.41  -0.30   21.19 344.40
000359,  -1.48  -1.78  -0.29   21.26 344.44
000359,  -1.02  -2.24  -0.28   21.23 344.42
000400,  -0.58  -3.07  -0.03   21.31 344.48
000400,  -0.59  -2.03  -0.04   21.27 344.44
000400,  -1.86  -1.75  -0.01   21.24 344.44
000400,  -1.97  -2.08  -0.11   21.23 344.42
000400,  -2.04  -2.44  -0.12   21.28 344.46
000401,  -1.55  -2.28  -0.56   21.30 344.46
000401,  -1.60  -2.20  -0.35   21.36 344.50
000401,  -1.52  -2.39  -0.46   21.35 344.50
000401,  -1.62  -2.29  -0.46   21.43 344.54
000401,  -2.15  -1.77  -0.45   21.47 344.56
000402,  -2.52  -1.99  -1.04   21.32 344.48
000402,  -1.76  -2.67  -0.97   21.24 344.44
000402,  -1.06  -2.09  -0.96   21.26 344.44
000402,  -1.05  -2.13  -1.23   21.28 344.46
000402,  -0.75  -2.23  -1.70   21.33 344.48
000403,  -0.54  -2.15  -1.16   21.36 344.50
000403,  -0.60  -2.31  -1.10   21.42 344.54
000403,  -0.26  -2.01  -0.96   21.34 344.48
000403,   0.17  -2.95   0.36   21.26 344.44
000403,   0.50  -3.99   0.48   21.32 344.48
000404,   0.04  -4.00   0.10   21.36 344.50
000404,  -0.13  -4.16  -0.03   21.30 344.46
000404,   0.05  -3.87  -0.21   21.32 344.48
000404,   0.24  -3.93  -0.37   21.31 344.48
000404,   0.64  -3.80   0.70   21.29 344.46
000405,   0.31  -3.58   0.80   21.27 344.44
000405,   0.01  -3.30   0.17   21.25 344.44
000405,  -0.07  -2.83  -0.01   21.30 344.46
000405,  -0.26  -2.81  -0.20   21.31 344.48
000405,  -0.28  -2.58   0.05   21.28 344.46
000406,  -0.73  -2.74  -0.33   21.26 344.44
000406,  -0.24  -3.24  -0.58   21.29 344.46
000406,  -0.60  -3.19  -0.83   21.29 344.46
000406,  -0.59  -3.29  -1.04   21.32 344.48
000406,  -0.70  -2.91  -0.06   21.33 344.48
000407,  -0.87  -3.55  -0.12   21.22 344.42
000407,  -1.30  -3.08  -0.16   21.25 344.44
000407,  -1.53  -2.58  -0.16   21.24 344.44
000407,  -1.72  -2.65  -0.61   21.28 344.46
000407,  -1.58  -2.41  -0.83   21.28 344.46
000408,  -0.82  -3.78  -0.63   21.17 344.38
000408,  -2.18  -3.02  -1.12   21.41 344.52
000408,  -1.49  -2.92  -0.67   21.29 344.46
000408,  -0.84  -4.02  -0.22   21.16 344.38
000408,  -2.01  -4.08   0.07   21.16 344.38
000409,  -2.06  -4.32   0.19   21.17 344.38
000409,  -1.45  -3.22   0.92   21.24 344.44
000409,  -1.38  -3.31   0.59   21.22 344.42
000409,  -0.89  -3.58   0.94   21.13 344.36
000409,  -0.97  -3.90   0.58   21.13 344.36
000410,  -0.78  -4.01  -0.13   21.13 344.36
000410,  -2.33  -4.20   0.18   21.09 344.34
000410,  -2.34  -2.96   0.14   21.10 344.34
000410,  -2.56  -2.45  -0.02   21.10 344.34
000410,  -2.89  -2.54  -0.67   21.29 344.46
000411,  -2.77  -2.38  -1.09   21.37 344.50
000411,  -2.34  -3.10  -0.31   21.12 344.36
000411,  -0.79  -3.00  -0.62   21.12 344.36
000411,  -2.06  -3.10   0.18   21.08 344.34
000411,  -1.94  -2.50   0.05   21.11 344.36
000412,  -1.09  -2.89   0.42   21.16 344.38
000412,  -0.95  -3.54   0.34   21.13 344.36
000412,  -0.96  -2.96   0.43   21.18 344.40
000412,  -0.84  -3.06   0.62   21.11 344.36
000412,  -0.60  -2.93   0.72   21.12 344.36
000413,  -0.83  -2.50   0.41   21.11 344.36
000413,  -1.45  -3.03   0.62   21.19 344.40
000413,  -1.52  -2.60   0.42   21.16 344.38
000413,  -1.84  -2.54   0.06   21.18 344.40
000413,  -2.04  -2.38   0.15   21.18 344.40
000414,  -2.06  -2.63   0.22   21.15 344.38
000414,  -2.30  -2.36   0.04   21.31 344.48
000414,  -1.91  -2.00  -0.27   21.48 344.58
000414,  -1.95  -1.97  -0.45   21.48 344.58
000414,  -1.78  -1.57  -0.61   21.42 344.54
000415,  -1.81  -1.98  -0.38   21.40 344.52
000415,  -1.69  -1.91  -0.47   21.33 344.48
000415,  -1.38  -1.78  -0.62   21.34 344.48
000415,  -1.13  -1.91  -0.49   21.30 344.46
000415,  -1.00  -3.03  -0.89   21.23 344.42
000416,  -0.50  -3.60   0.18   21.07 344.34
000416,  -0.84  -3.76   0.59   21.12 344.36
000416,  -1.24  -3.72   0.51   21.13 344.36
000416,  -1.02  -3.51   0.18   21.22 344.42
000416,  -0.82  -3.45  -0.56   21.22 344.42
000417,  -0.75  -3.15  -0.38   21.23 344.42
000417,  -0.99  -3.32   0.17   21.24 344.44
000417,  -0.34  -3.39   0.10   21.27 344.44
000417,  -0.24  -3.16  -0.42   21.23 344.42
000417,  -0.19  -2.52   0.59   21.28 344.46
000418,  -0.58  -2.57  -0.53   21.21 344.42
000418,  -1.43  -2.57  -1.05   21.23 344.42
000418,  -1.80  -3.05  -0.79   21.24 344.44
000418,  -1.67  -3.44  -0.49   21.15 344.38
000418,  -1.19  -3.58  -0.23   21.12 344.36
000419,  -1.20  -3.43  -0.20   21.08 344.34
000419,  -1.15  -3.27  -0.24   21.10 344.34
000419,  -1.23  -3.13  -0.23   21.12 344.36
000419,  -1.20  -3.04  -0.18   21.11 344.36
000419,  -1.13  -3.22  -0.20   21.08 344.34
000420,  -1.41  -3.10  -0.43   21.08 344.34
000420,  -1.29  -2.89  -0.29   21.09 344.34
000420,  -1.13  -3.14  -0.68   21.05 344.32
000420,  -1.29  -3.05  -0.70   21.05 344.32
000420,  -1.42  -2.90  -0.95   21.07 344.34
000421,  -1.61  -2.62  -0.83   21.07 344.34
000421,  -1.38  -2.49  -0.87   21.07 344.34
000421,  -1.41  -2.55  -1.00   21.06 344.32
000421,  -1.41  -2.61  -0.93   21.07 344.34
000421,  -1.81  -2.48  -0.63   21.06 344.32
000422,  -1.88  -2.58   0.32   21.04 344.32
000422,  -1.24  -2.41  -0.15   21.06 344.32
000422,  -1.16  -2.28  -0.02   21.06 344.32
000422,  -1.21  -2.21  -0.41   21.04 344.32
000422,  -1.14  -2.52  -0.45   21.09 344.34
000423,  -0.90  -2.57  -0.21   21.06 344.32
000423,  -1.05  -2.91   0.01   21.06 344.32
000423,  -1.15  -2.75   0.06   21.04 344.32
000423,  -0.90  -2.96   0.12   21.06 344.32
000423,  -0.58  -2.85   0.04   21.02 344.30
000424,  -0.85  -2.86   0.15   21.06 344.32
000424,  -0.72  -2.92  -0.16   21.07 344.34
000424,  -0.72  -2.92  -0.16   21.07 344.34
000424,  -0.76  -2.82  -0.06   21.07 344.34
000424,  -0.52  -3.07   0.02   21.07 344.34
000425,  -0.42  -3.22  -0.22   21.06 344.32
000425,  -0.52  -3.40  -0.26   21.10 344.34
000425,  -0.41  -3.31  -0.23   21.07 344.34
000425,  -0.40  -3.41  -0.13   21.07 344.34
000425,  -0.34  -3.35  -0.20   21.08 344.34
000426,   0.00  -3.47  -0.02   21.08 344.34
000426,  -0.08  -3.48   0.05   21.07 344.34
000426,  -0.37  -3.21   0.42   21.06 344.32
000426,  -0.28  -3.47  -0.36   21.10 344.34
000426,  -0.17  -3.63  -0.58   21.12 344.36
000427,   0.28  -3.64  -1.00   21.07 344.34
000427,   0.81  -3.69  -1.12   21.08 344.34
000427,   0.63  -3.33  -0.85   21.12 344.36
000427,   0.59  -2.91  -0.54   21.11 344.36
000427,   0.00  -2.91  -0.26   21.11 344.36
000428,  -0.33  -3.08   0.05   21.12 344.36
000428,  -0.32  -2.95   0.16   21.12 344.36
000428,  -0.33  -3.03   0.24   21.07 344.34
000428,  -0.56  -2.91  -0.11   21.11 344.36
000428,  -0.57  -2.98   0.14   21.07 344.34
000429,  -0.43  -3.38  -0.03   21.10 344.34
000429,   0.06  -3.31   0.12   21.08 344.34
000429,   0.42  -2.98  -0.11   21.07 344.34
000429,  -0.18  -2.74  -0.49   21.11 344.36
000429,  -0.52  -3.22  -0.25   21.09 344.34
000430,  -0.42  -3.09  -0.29   21.06 344.32
000430,  -0.68  -2.66  -0.72   21.07 344.34
000430,  -0.24  -3.07  -0.40   21.11 344.36
000430,  -0.01  -3.20  -1.04   21.02 344.30
000430,   0.05  -3.45  -0.79   21.03 344.30
000431,  -0.47  -3.27  -0.69   21.08 344.34
000431,   0.06  -3.79  -0.85   21.08 344.34
000431,   0.56  -3.93  -1.09   21.08 344.34
000431,   1.15  -4.56  -0.73   21.07 344.34
000431,   1.23  -4.17  -0.89   21.04 344.32
000432,   1.04  -3.94  -1.09   21.03 344.30
000432,   0.60  -3.72  -1.12   21.07 344.34
000432,   0.67  -3.30  -1.44   21.10 344.34
000432,   0.70  -3.16  -1.05   21.07 344.34
000432,   0.63  -3.32  -1.18   21.05 344.32
000433,   0.75  -3.22  -1.08   21.00 344.28
000433,   0.77  -3.19  -0.59   21.02 344.30
000433,   1.08  -2.96  -0.74   21.04 344.32
000433,   1.60  -2.79   0.18   21.02 344.30
000433,   1.43  -2.68   0.44   21.06 344.32
000434,   1.28  -3.31  -0.48   21.08 344.34
000434,   1.66  -3.08  -0.70   21.02 344.30
000434,   1.89  -3.22  -0.65   21.02 344.30
000434,   1.56  -3.12  -0.71   21.05 344.32
000434,   1.54  -2.98  -0.81   21.05 344.32
000435,   1.57  -2.55  -0.61   21.02 344.30
000435,   1.02  -2.33  -0.65   21.07 344.34
000435,   1.19  -2.78  -0.73   21.02 344.30
000435,   1.03  -2.70  -0.76   21.02 344.30
000435,   1.47  -3.11   0.08   21.00 344.28
000436,   1.09  -2.61  -0.11   21.01 344.30
000436,   1.13  -2.18   0.07   20.99 344.28
000436,   0.89  -1.81   0.74   21.01 344.30
000436,   0.59  -1.90   1.20   21.03 344.30
000436,   0.57  -2.57   0.33   20.94 344.26
000437,   0.62  -2.65   0.62   20.95 344.26
000437,   0.42  -2.98   0.14   21.01 344.30
000437,   0.52  -2.92  -0.01   21.01 344.30
000437,   0.50  -3.07  -0.09   21.07 344.34
000437,  -0.04  -2.79   0.55   20.99 344.28
000438,   0.01  -2.75   0.24   21.02 344.30
000438,   0.15  -2.84   0.04   21.06 344.32
000438,   0.00  -3.01   0.01   21.04 344.32
000438,  -0.13  -2.79  -0.15   20.99 344.28
000438,  -0.13  -2.88   0.04   21.04 344.32
000439,   0.10  -2.66  -0.10   20.94 344.26
000439,  -0.15  -2.32   0.13   21.04 344.32
000439,   0.00  -2.32   0.09   21.01 344.30
000439,   0.13  -2.45  -0.05   21.04 344.32
000439,   0.18  -2.27  -0.12   21.00 344.28
000440,   0.16  -2.68  -0.19   21.02 344.30
000440,   0.00  -2.46   0.16   21.06 344.32
000440,   0.01  -2.21   0.14   20.98 344.28
000440,  -0.10  -2.71  -0.24   20.95 344.26
000440,  -0.40  -3.13   0.11   21.01 344.30
000441,  -0.35  -3.10   0.13   21.04 344.32
000441,  -0.48  -3.14   0.08   21.09 344.34
000441,  -0.32  -3.23   0.42   21.06 344.32
000441,  -0.43  -3.38  -0.03   21.10 344.34
000441,  -0.40  -3.41  -0.30   21.07 344.34
000442,  -0.49  -3.50  -0.23   21.12 344.36
000442,  -0.46  -3.63  -0.10   21.08 344.34
000442,  -0.43  -3.55  -0.32   21.10 344.34
000442,  -0.41  -3.58  -0.20   21.03 344.30
000442,  -0.30  -3.40  -0.25   21.03 344.30
000443,  -0.32  -3.52  -0.53   21.08 344.34
000443,  -0.45  -3.51  -0.51   21.07 344.34
000443,  -0.23  -3.64  -0.16   21.03 344.30
000443,  -0.07  -3.56  -0.16   21.03 344.30
000443,  -0.51  -3.32   0.44   21.03 344.30
000444,  -0.26  -3.35   0.00   21.07 344.34
000444,  -0.17  -3.74   0.31   21.05 344.32
000444,  -0.03  -3.81  -0.14   21.03 344.30
000444,  -0.10  -3.89  -0.01   21.05 344.32
000444,  -0.40  -3.98   0.20   21.03 344.30
000445,  -0.30  -3.63  -0.14   21.07 344.34
000445,  -0.29  -3.97  -0.15   21.07 344.34
000445,  -0.60  -3.67  -0.14   21.03 344.30
000445,  -0.74  -3.74   0.10   21.10 344.34
000445,  -0.64  -3.78   0.05   21.03 344.30
000446,  -0.67  -3.94   0.10   21.03 344.30
000446,  -0.65  -3.84  -0.15   21.07 344.34
000446,  -0.71  -3.40  -0.46   21.10 344.34
000446,  -1.01  -3.77  -0.35   21.08 344.34
000446,  -0.51  -3.71  -0.17   21.05 344.32
000447,  -0.66  -3.77   0.10   21.03 344.30
000447,  -0.59  -3.47   0.36   20.98 344.28
000447,  -0.44  -3.69   0.33   21.00 344.28
000447,  -0.47  -3.73   0.05   21.05 344.32
000447,  -0.47  -3.77   0.14   21.02 344.30
000448,  -0.45  -3.83   0.06   21.07 344.34
000448,  -0.67  -3.88  -0.07   21.07 344.34
000448,  -0.71  -3.59  -0.14   21.05 344.32
000448,  -0.51  -3.66  -0.20   21.05 344.32
000448,  -0.39  -3.77  -0.35   21.02 344.30
000449,  -0.25  -3.90  -0.52   21.05 344.32
000449,  -0.51  -3.75  -0.11   21.07 344.34
000449,  -0.65  -3.51   0.04   21.07 344.34
000449,  -0.50  -3.66  -0.22   21.08 344.34
000449,  -0.55  -3.92  -0.71   21.05 344.32
000450,  -0.94  -4.18  -0.47   21.08 344.34
000450,  -1.03  -4.13  -0.29   21.06 344.32
000450,  -0.78  -4.09  -0.30   21.08 344.34
000450,  -0.34  -4.40  -0.08   21.06 344.32
000450,  -0.23  -4.30  -0.36   21.06 344.32
000451,  -0.06  -4.10  -0.43   21.06 344.32
000451,  -0.14  -4.27  -0.26   21.08 344.34
000451,  -0.07  -3.94  -0.43   21.07 344.34
000451,   0.20  -3.93  -0.58   21.07 344.34
000451,   0.14  -3.87  -0.63   21.07 344.34
000452,   0.20  -3.83  -0.51   21.08 344.34
000452,   0.42  -3.80  -0.55   21.03 344.30
000452,   0.28  -3.66  -0.46   21.07 344.34
000452,   0.22  -3.52  -0.38   21.10 344.34
000452,   0.09  -3.29  -0.36   21.08 344.34
000453,   0.05  -3.13  -0.37   21.09 344.34
000453,   0.07  -3.02  -0.43   21.11 344.36
000453,   0.23  -2.95  -0.19   21.11 344.36
000453,   0.32  -2.98   0.03   21.09 344.34
000453,   0.45  -3.34   0.00   21.12 344.36
000454,   0.30  -3.38   0.01   21.10 344.34
000454,   0.19  -3.15   0.04   21.09 344.34
000454,   0.03  -3.06  -0.40   21.09 344.34
000454,  -0.23  -2.81  -0.15   21.07 344.34
000454,   0.12  -2.68  -0.44   21.09 344.34
000455,   0.23  -2.81  -0.56   21.12 344.36
000455,   0.32  -2.83  -0.36   21.11 344.36
000455,   0.47  -2.76  -0.36   21.11 344.36
000455,   0.17  -2.34  -0.63   21.11 344.36
000455,  -0.06  -2.41  -1.06   21.12 344.36
000456,   0.20  -2.62  -1.00   21.09 344.34
000456,   0.12  -2.66  -0.75   21.07 344.34
000456,  -0.04  -2.71  -0.71   21.12 344.36
000456,   0.00  -2.53  -0.73   21.11 344.36
000456,  -0.28  -2.66  -0.82   21.09 344.34
000457,  -0.24  -2.71  -0.75   21.11 344.36
000457,  -0.22  -2.69  -0.73   21.07 344.34
000457,   0.02  -2.67  -0.72   21.07 344.34
000457,   0.00  -2.63  -0.93   21.12 344.36
000457,   0.00  -2.72  -1.08   21.07 344.34
000458,  -0.14  -2.98  -0.94   21.07 344.34
000458,   0.24  -2.72  -0.92   21.07 344.34
000458,   0.32  -2.35  -0.84   21.11 344.36
000458,   0.30  -2.45  -0.69   21.11 344.36
000458,   0.23  -2.43  -0.77   21.09 344.34
000459,  -0.10  -2.29  -0.52   21.07 344.34
000459,  -0.07  -2.24  -0.35   21.08 344.34
000459,   0.16  -2.09  -0.32   21.11 344.36
000459,  -0.25  -2.35  -0.40   21.09 344.34
000459,  -0.12  -2.21  -0.12   21.08 344.34
000500,  -0.27  -1.93  -0.24   21.10 344.34
000500,  -0.02  -1.98  -0.28   21.10 344.34
000500,   0.05  -1.85  -0.52   21.08 344.34
000500,   0.00  -1.71  -0.54   21.10 344.34
000500,   0.03  -2.01  -0.54   21.06 344.32
000501,   0.66  -2.46  -0.65   21.07 344.34
000501,   0.83  -3.11  -0.63   21.09 344.34
000501,   0.59  -3.27  -0.49   21.05 344.32
000501,   0.64  -3.11  -0.53   21.11 344.36
000501,   0.87  -2.92  -1.13   21.04 344.32
000502,   0.94  -2.94  -0.49   21.09 344.34
000502,   0.69  -2.31  -0.76   21.06 344.32
000502,   0.71  -2.35  -0.09   21.04 344.32
000502,   0.72  -2.17  -0.24   21.06 344.32
000502,  -0.17  -2.59   0.16   21.07 344.34
000503,   0.78  -2.89   0.27   21.06 344.32
000503,   1.03  -2.19   0.35   21.04 344.32
000503,   0.30  -1.95  -0.04   21.08 344.34
000503,  -0.58  -1.45  -0.36   21.06 344.32
000503,  -0.70  -0.78  -0.42   21.11 344.36
000504,   0.09  -0.45  -0.43   21.08 344.34
000504,  -0.37  -1.09  -1.18   21.03 344.30
000504,  -0.35  -1.49  -1.29   21.06 344.32
000504,  -0.26  -1.51  -1.18   21.06 344.32
000504,  -0.55  -1.64  -0.21   21.13 344.36
000505,  -0.20  -1.67   0.58   21.08 344.34
000505,  -0.45  -1.13  -0.11   21.10 344.34
000505,   0.05  -1.67  -0.03   21.08 344.34
000505,   0.16  -2.20   0.36   21.10 344.34
000505,   0.99  -2.11  -1.08   21.06 344.32
000506,   1.08  -2.09  -1.07   21.07 344.34
000506,   0.79  -2.18  -0.69   21.11 344.36
000506,   0.31  -2.73  -0.38   21.07 344.34
000506,   0.80  -2.59  -0.67   21.16 344.38
000506,   1.19  -2.98  -0.55   21.09 344.34
000507,   1.11  -3.08  -0.46   21.13 344.36
000507,   1.04  -3.22  -0.22   21.13 344.36
000507,   0.29  -3.25  -0.29   21.09 344.34
000507,  -0.10  -2.94   0.04   21.09 344.34
000507,   0.19  -3.10   0.21   21.11 344.36
000508,  -0.03  -2.91   0.16   21.12 344.36
000508,   0.03  -2.66   0.26   21.12 344.36
000508,   0.19  -2.54   0.16   21.12 344.36
000508,   0.09  -2.68   0.13   21.09 344.34
000508,   0.07  -2.46  -0.05   21.07 344.34
000509,   0.23  -2.66  -0.33   21.11 344.36
000509,   0.25  -2.75  -0.56   21.14 344.38
000509,  -0.03  -2.93  -0.59   21.11 344.36
000509,   0.13  -2.81  -0.57   21.11 344.36
000509,   0.35  -2.74  -0.50   21.11 344.36
000510,   0.55  -2.71  -0.76   21.09 344.34
000510,   0.53  -2.43  -0.74   21.07 344.34
000510,   0.14  -2.50  -0.69   21.12 344.36
000510,   0.24  -2.27  -0.59   21.07 344.34
000510,   0.49  -2.51  -0.98   21.07 344.34
000511,   0.32  -2.41  -1.30   21.11 344.36
000511,   0.43  -1.83  -1.48   21.08 344.34
000511,   0.60  -1.97  -0.89   21.11 344.36
000511,   0.05  -2.00  -0.18   21.08 344.34
000511,   0.05  -1.91  -0.24   21.11 344.36
000512,  -0.12  -2.17  -0.09   21.08 344.34
000512,  -0.14  -1.92  -0.07   21.06 344.32
000512,   0.03  -2.20  -0.08   21.06 344.32
000512,  -0.09  -2.08  -0.04   21.08 344.34
000512,  -0.08  -2.37   0.07   21.11 344.36
000513,   0.31  -2.25  -0.28   21.11 344.36
000513,  -0.16  -2.54  -0.14   21.07 344.34
000513,   0.04  -2.82  -0.56   21.07 344.34
000513,   0.64  -2.79  -0.58   21.16 344.38
000513,   0.59  -2.90  -0.16   21.16 344.38
000514,  -0.08  -3.13  -0.11   21.07 344.34
000514,   0.07  -2.63  -0.18   21.07 344.34
000514,   0.12  -2.61  -0.01   21.12 344.36
000514,   0.02  -2.50  -0.05   21.12 344.36
000514,  -0.13  -2.32  -0.09   21.11 344.36
000515,   0.11  -2.21  -0.18   21.13 344.36
000515,   0.51  -2.14  -0.08   21.11 344.36
000515,   0.58  -2.74  -0.15   21.14 344.38
000515,   0.43  -2.54   0.14   21.12 344.36
000515,   0.65  -2.43   0.41   21.12 344.36
000516,   0.43  -2.54   0.35   21.09 344.34
000516,   0.24  -2.23   0.46   21.08 344.34
000516,   0.04  -2.00   0.40   21.10 344.34
000516,   0.16  -2.33  -0.09   21.11 344.36
000516,   0.24  -2.43  -0.24   21.12 344.36
000517,   0.14  -2.29  -0.29   21.11 344.36
000517,  -0.12  -2.39  -0.17   21.12 344.36
000517,   0.07  -2.43   0.16   21.12 344.36
000517,  -0.03  -2.26   0.38   21.13 344.36
000517,  -0.07  -2.00   0.49   21.11 344.36
000518,  -0.13  -1.93   0.20   21.10 344.34
000518,  -0.12  -1.67  -0.06   21.08 344.34
000518,  -0.16  -1.52  -0.06   21.11 344.36
000518,  -0.30  -1.46  -0.04   21.13 344.36
000518,  -0.67  -1.87  -0.07   21.10 344.34
000519,  -0.67  -1.92  -0.23   21.13 344.36
000519,  -0.89  -2.05  -0.29   21.10 344.34
000519,  -0.77  -1.93  -0.26   21.10 344.34
000519,  -0.92  -1.98  -0.04   21.11 344.36
000519,  -0.84  -2.04  -0.10   21.10 344.34
000520,  -0.70  -2.12   0.27   21.10 344.34
000520,  -0.91  -1.93   0.25   21.10 344.34
000520,  -1.25  -1.96   0.23   21.07 344.34
000520,  -0.89  -2.05  -0.07   21.10 344.34
000520,  -1.11  -2.22   0.68   21.14 344.38
000521,  -1.28  -2.17   0.21   21.09 344.34
000521,  -1.47  -1.77  -0.54   21.11 344.36
000521,  -0.93  -1.59  -0.60   21.13 344.36
000521,   0.00  -1.77  -0.35   21.13 344.36
000521,   0.00  -2.12  -0.73   21.10 344.34
000522,   0.50  -2.42  -0.09   21.14 344.38
000522,  -0.17  -2.17   0.22   21.08 344.34
000522,  -0.31  -1.29  -0.54   21.11 344.36
000522,  -0.04  -1.91  -0.72   21.08 344.34
000522,  -0.03  -2.06  -0.34   21.10 344.34
000523,  -0.51  -2.02  -0.04   21.10 344.34
000523,  -0.43  -0.83  -1.00   21.10 344.34
000523,  -0.32  -1.34  -0.49   21.13 344.36
000523,  -0.17  -0.77  -0.50   21.15 344.38
000523,  -0.37  -0.80  -0.92   21.15 344.38
000524,  -0.57  -1.04  -0.56   21.10 344.34
000524,  -0.72  -1.32  -0.82   21.15 344.38
000524,  -0.49  -1.84  -0.56   21.15 344.38
000524,  -1.01  -1.41  -0.94   21.08 344.34
000524,  -1.16  -1.30  -0.75   21.15 344.38
000525,  -0.86  -1.17  -0.86   21.15 344.38
000525,  -1.27  -1.05  -0.86   21.18 344.40
000525,  -0.77  -0.99  -1.08   21.20 344.40
000525,  -0.56  -1.43  -0.86   21.22 344.42
000525,  -0.29  -1.12  -0.83   21.17 344.38
000526,  -0.89  -1.08  -0.33   21.18 344.40
000526,  -0.78  -1.29  -0.40   21.18 344.40
000526,  -0.24  -1.77  -0.48   21.17 344.38
000526,  -0.09  -1.81  -0.13   21.15 344.38
000526,  -0.33  -1.48  -0.41   21.20 344.40
000527,  -0.17  -1.67  -0.59   21.25 344.44
000527,   0.00  -1.88  -0.55   21.25 344.44
000527,   0.07  -1.93  -0.55   21.32 344.48
000527,  -0.05  -1.88  -0.94   21.18 344.40
000527,  -0.33  -2.06  -0.74   21.15 344.38
000528,  -0.09  -2.02  -0.75   21.23 344.42
000528,   0.17  -2.27  -0.36   21.23 344.42
000528,   0.50  -2.18  -0.10   21.25 344.44
000528,   0.45  -1.72  -0.36   21.27 344.44
000528,   0.17  -1.75  -0.65   21.25 344.44
000529,   0.07  -1.78  -0.62   21.22 344.42
000529,  -0.38  -1.41  -0.71   21.13 344.36
000529,  -0.22  -1.57  -0.12   21.13 344.36
000529,  -0.30  -1.48   0.11   21.15 344.38
000529,  -0.20  -1.44  -0.18   21.18 344.40
000530,   0.00  -1.62  -0.34   21.15 344.38
000530,  -0.14  -1.84  -0.79   21.13 344.36
000530,  -0.02  -2.04  -0.84   21.15 344.38
000530,  -0.52  -1.84  -0.69   21.06 344.32
000530,  -1.26  -1.31  -0.68   21.10 344.34
000531,  -1.21  -1.39  -0.81   21.11 344.36
000531,  -0.90  -1.71  -0.83   21.13 344.36
000531,   0.02  -1.68  -0.72   21.13 344.36
000531,  -0.55  -1.39  -0.75   21.13 344.36
000531,  -0.35  -1.48  -0.06   21.10 344.34
000532,  -0.63  -0.92  -0.48   21.15 344.38
000532,  -0.15  -1.06  -0.01   21.15 344.38
000532,   0.00  -1.30   0.11   21.11 344.36
000532,  -0.07  -1.73   0.44   21.08 344.34
000532,  -0.21  -1.52   0.88   21.10 344.34
000533,  -0.25  -1.43   0.68   21.08 344.34
000533,  -0.05  -1.70   0.53   21.15 344.38
000533,   0.36  -1.87   0.46   21.23 344.42
000533,   0.18  -1.93   0.28   21.25 344.44
000533,   0.28  -1.88   0.37   21.20 344.40
000534,  -0.10  -2.14   0.08   21.22 344.42
000534,   0.14  -1.93   0.20   21.20 344.40
000534,   0.24  -1.95   0.15   21.20 344.40
000534,   0.32  -1.92   0.08   21.23 344.42
000534,   0.52  -2.42   0.48   21.26 344.44
000535,   0.58  -2.66   0.83   21.26 344.44
000535,  -0.06  -2.58  -0.18   21.24 344.44
000535,  -0.20  -2.35  -0.20   21.26 344.44
000535,  -0.64  -2.40  -0.17   21.40 344.52
000535,  -0.53  -2.22  -0.05   21.35 344.50
000536,  -0.55  -2.18   0.31   21.25 344.44
000536,  -0.88  -2.30  -0.05   21.40 344.52
000536,  -1.10  -2.58  -0.51   21.19 344.40
000536,  -0.37  -2.31  -0.40   21.19 344.40
000536,  -0.59  -2.29  -0.34   21.23 344.42
000537,  -0.50  -2.08  -0.20   21.23 344.42
000537,  -0.68  -2.03   0.34   21.23 344.42
000537,  -1.19  -1.60  -0.43   21.13 344.36
000537,  -0.05  -1.10  -0.03   21.17 344.38
000537,  -0.03  -2.16  -0.22   21.17 344.38
000538,   0.41  -2.07  -0.73   21.18 344.40
000538,   0.15  -1.89  -0.24   21.20 344.40
000538,   0.53  -2.32   0.13   21.19 344.40
000538,   0.24  -1.95   0.31   21.20 344.40
000538,   0.46  -2.81   0.61   21.19 344.40
000539,   0.99  -3.42   0.50   21.19 344.40
000539,   1.08  -3.14   1.28   21.12 344.36
000539,   0.31  -2.32   1.31   21.21 344.42
000539,  -0.23  -3.09   0.17   21.21 344.42
000539,  -0.21  -3.87  -0.66   21.24 344.44
000540,  -0.67  -3.05   0.10   21.19 344.40
000540,  -0.32  -3.61  -0.30   21.20 344.40
000540,  -1.45  -2.72  -0.17   21.19 344.40
000540,  -0.90  -2.73   0.19   21.18 344.40
000540,  -1.08  -2.71  -0.09   21.19 344.40
000541,  -0.32  -2.97  -0.32   21.23 344.42
000541,  -0.67  -4.15  -1.19   21.16 344.38
000541,  -2.05  -4.09  -0.97   21.21 344.42
000541,  -1.11  -4.37  -0.74   21.13 344.36
000541,  -1.07  -3.91   0.42   21.16 344.38
000542,  -0.66  -3.95  -0.50   21.14 344.38
000542,  -0.34  -4.36   0.30   21.13 344.36
000542,   0.09  -4.30   0.76   21.13 344.36
000542,   0.45  -3.68   0.58   21.19 344.40
000542,   0.55  -2.99  -0.39   21.09 344.34
000543,   0.83  -3.63   0.19   21.12 344.36
000543,   0.78  -2.47   0.08   21.14 344.38
000543,   1.32  -3.70   0.39   21.15 344.38
000543,   0.41  -4.04   0.71   21.20 344.40
000543,  -0.52  -4.77   0.44   21.12 344.36
000544,  -0.88  -4.72  -0.01   21.10 344.34
000544,  -1.19  -5.16  -0.20   21.11 344.36
000544,  -1.24  -4.87  -0.30   21.09 344.34
000544,  -1.26  -4.81  -0.32   21.12 344.36
000544,  -1.52  -4.60  -0.57   21.10 344.34
000545,  -1.59  -4.36  -1.35   21.02 344.30
000545,  -1.31  -4.25  -1.23   21.04 344.32
000545,  -0.24  -3.82  -0.49   21.00 344.28
000545,   0.00  -4.43   0.06   21.08 344.34
000545,   0.37  -4.03  -0.59   21.06 344.32
000546,   0.28  -4.24  -0.51   21.09 344.34
000546,  -0.22  -3.83  -0.58   21.07 344.34
000546,   0.25  -3.78  -0.68   21.05 344.32
000546,   0.81  -3.70  -0.14   21.12 344.36
000546,  -0.95  -3.93   1.56   21.09 344.34
000547,  -1.04  -4.06   2.07   21.11 344.36
000547,  -1.46  -3.55   2.24   21.08 344.34
000547,  -0.81  -3.98   1.04   21.16 344.38
000547,  -1.30  -3.32   0.96   21.08 344.34
000547,  -2.15  -2.91  -0.32   21.10 344.34
000548,  -2.87  -4.23  -0.42   21.05 344.32
000548,  -2.44  -4.29  -1.05   21.10 344.34
000548,  -1.39  -4.18  -1.40   21.09 344.34
000548,  -0.68  -4.03  -1.12   21.16 344.38
000548,   0.00  -3.53  -1.32   21.07 344.34
000549,  -0.22  -4.20  -0.76   21.01 344.30
000549,  -0.14  -4.57  -1.04   21.07 344.34
000549,  -0.27  -5.99  -0.77   21.04 344.32
000549,  -0.56  -6.11  -0.73   21.01 344.30
000549,   0.11  -5.54  -1.59   21.07 344.34
000550,  -0.49  -5.85  -0.74   21.06 344.32
000550,  -0.32  -5.88  -0.77   21.06 344.32
000550,  -0.21  -5.83  -0.73   21.04 344.32
000550,  -0.18  -5.82  -0.59   21.02 344.30
000550,   0.01  -5.82  -0.85   21.02 344.30
000551,  -0.06  -5.48  -0.69   21.06 344.32
000551,  -0.13  -5.45  -0.53   20.99 344.28
000551,  -0.24  -5.48  -0.74   21.06 344.32
000551,  -0.20  -5.37  -0.84   21.06 344.32
000551,  -0.33  -5.29  -0.83   21.06 344.32
000552,  -0.34  -5.15  -0.85   21.05 344.32
000552,  -0.08  -5.11  -0.81   21.02 344.30
000552,   0.03  -5.13  -0.73   21.05 344.32
000552,   0.15  -5.00  -0.57   21.00 344.28
000552,   0.00  -5.11  -0.60   21.04 344.32
000553,   0.03  -5.28  -0.87   21.05 344.32
000553,  -0.42  -5.05  -0.43   21.02 344.30
000553,  -0.14  -4.64  -0.76   21.05 344.32
000553,  -0.08  -5.00  -0.63   20.98 344.28
000553,  -0.14  -4.89  -0.44   21.04 344.32
000554,  -0.16  -5.04  -0.41   20.98 344.28
000554,  -0.27  -4.92  -0.30   21.04 344.32
000554,  -0.37  -5.14  -0.23   21.02 344.30
000554,  -0.23  -5.01  -0.11   21.05 344.32
000554,   0.17  -4.95  -0.52   21.19 344.40
000555,  -0.40  -5.18   0.34   21.15 344.38
000555,   0.04  -4.52  -1.25   21.13 344.36
000555,   0.06  -3.86  -2.36   21.04 344.32
000555,  -0.98  -5.12  -2.20   21.05 344.32
000555,  -1.13  -5.65  -0.82   21.14 344.38
000556,  -0.72  -5.79  -0.54   21.14 344.38
000556,  -0.44  -5.20   0.02   21.16 344.38
000556,  -0.45  -5.25   0.23   21.05 344.32
000556,  -0.40  -5.13   0.39   20.98 344.28
000556,  -0.43  -4.93   0.45   21.04 344.32
000557,  -0.16  -4.53   0.15   21.06 344.32
000557,   0.51  -4.09  -0.36   21.11 344.36
000557,   0.26  -3.34  -1.33   21.03 344.30
000557,   0.30  -3.99  -1.10   21.11 344.36
000557,   0.05  -3.56  -1.27   21.02 344.30
000558,  -0.06  -3.84  -1.62   21.06 344.32
000558,  -0.17  -3.85  -1.07   21.05 344.32
000558,  -0.05  -3.69  -1.51   21.00 344.28
000558,   0.07  -3.71  -1.31   21.07 344.34
000558,  -0.03  -3.49  -1.85   21.05 344.32
000559,   0.13  -3.80  -1.66   21.08 344.34
000559,   0.41  -4.02  -1.78   21.03 344.30
000559,   0.67  -3.95  -1.84   21.03 344.30
000559,   0.78  -3.35  -1.70   21.02 344.30
000559,  -0.21  -3.30  -0.64   21.03 344.30
000600,  -0.09  -3.43  -0.06   21.02 344.30
000600,  -0.13  -3.46   0.35   21.07 344.34
000600,  -0.05  -3.43   0.48   21.07 344.34
000600,  -0.22  -3.59   0.27   21.03 344.30
000600,  -0.18  -3.59   0.32   21.03 344.30
000601,   0.00  -3.40  -0.09   21.03 344.30
000601,   0.63  -3.34  -1.21   21.17 344.38
000601,   0.51  -3.44  -1.39   21.05 344.32
000601,   0.75  -3.35  -1.50   21.10 344.34
000601,   0.80  -2.76  -1.23   21.04 344.32
000602,   0.00  -3.01  -0.54   21.06 344.32
000602,   0.05  -3.22  -0.51   21.11 344.36
000602,  -0.08  -2.86   0.04   21.12 344.36
000602,   0.41  -2.96  -1.00   21.16 344.38
000602,   0.19  -2.88  -0.73   21.09 344.34
000603,   0.03  -3.09  -0.48   21.11 344.36
000603,   0.05  -2.79  -0.15   21.12 344.36
000603,   0.29  -2.74  -0.30   21.14 344.38
000603,  -0.13  -2.31   0.17   21.11 344.36
000603,   0.18  -2.79   0.75   21.12 344.36
000604,  -0.08  -2.77   0.96   21.09 344.34
000604,   0.98  -3.05  -0.12   21.12 344.36
000604,   0.32  -3.64   0.80   21.12 344.36
000604,  -0.01  -2.99   2.31   21.10 344.34
000604,   0.27  -2.30   2.20   21.11 344.36
000605,   1.63  -1.40  -0.08   21.08 344.34
000605,   1.51  -2.35  -1.88   21.11 344.36
000605,  -0.40  -1.84  -2.25   21.18 344.40
000605,  -0.83  -2.56  -1.53   21.04 344.32
000605,  -0.06  -3.99  -0.74   21.08 344.34
000606,   0.69  -3.84  -0.66   21.10 344.34
000606,   0.06  -4.35  -1.60   21.03 344.30
000606,  -0.33  -4.51  -1.11   20.99 344.28
000606,  -0.35  -4.76  -0.26   21.02 344.30
000606,  -2.62  -4.05  -0.39   20.97 344.28
000607,  -3.31  -4.56  -0.22   21.01 344.30
000607,  -0.41  -3.90   0.77   21.07 344.34
000607,   0.39  -5.12   1.76   21.05 344.32
000607,   0.19  -4.76   1.46   21.07 344.34
000607,  -0.04  -4.81   0.60   21.07 344.34
000608,   0.52  -5.17  -0.70   21.08 344.34
000608,   0.67  -4.98  -0.40   21.09 344.34
000608,   0.13  -3.29  -0.45   21.10 344.34
000608,   0.41  -2.66  -1.22   21.06 344.32
000608,   0.16  -3.04  -1.04   21.01 344.30
000609,  -1.07  -2.94  -0.56   21.06 344.32
000609,  -0.65  -3.23  -2.21   21.03 344.30
000609,  -0.96  -3.04  -1.96   21.02 344.30
000609,  -1.18  -2.95  -1.67   21.02 344.30
000609,  -1.38  -2.88  -1.50   21.02 344.30
000610,  -1.02  -2.99  -1.36   21.07 344.34
000610,  -1.32  -4.99  -0.68   21.08 344.34
000610,  -0.51  -4.91  -1.53   21.05 344.32
000610,  -0.09  -4.72  -1.60   21.07 344.34
000610,  -0.14  -4.90  -1.35   21.10 344.34
000611,   0.00  -5.15  -0.39   21.04 344.32
000611,   0.58  -5.73  -0.11   21.02 344.30
000611,   0.99  -5.53   0.34   21.10 344.34
000611,   0.85  -4.98  -0.46   21.05 344.32
000611,   1.34  -5.03  -0.94   21.11 344.36
000612,   1.24  -4.94  -1.25   21.06 344.32
000612,   0.49  -4.03  -0.83   21.06 344.32
000612,   0.88  -3.52  -0.41   21.03 344.30
000612,  -0.18  -3.35   0.19   20.90 344.24
000612,  -0.11  -3.17   1.22   21.00 344.28
000613,   0.24  -3.36   0.73   20.96 344.26
000613,   0.22  -4.06   0.10   21.04 344.32
000613,   0.33  -3.73   0.49   21.02 344.30
000613,   0.59  -3.63   0.50   21.08 344.34
000613,   0.13  -3.52   0.60   21.08 344.34
000614,  -0.76  -3.74   0.40   21.12 344.36
000614,  -0.84  -3.50  -0.07   21.07 344.34
000614,  -0.62  -3.04   0.30   21.16 344.38
000614,  -0.66  -2.96   1.20   21.16 344.38
000614,  -0.80  -3.14   1.77   21.12 344.36
000615,  -0.87  -3.56   1.95   21.07 344.34
000615,  -1.39  -4.00   1.54   21.08 344.34
000615,  -1.32  -3.95   1.83   21.03 344.30
000615,  -1.45  -3.66   1.72   21.06 344.32
000615,  -1.68  -3.51   1.64   21.08 344.34
000616,  -1.18  -2.91   0.08   21.01 344.30
000616,  -2.34  -1.44  -0.74   21.09 344.34
000616,  -2.38  -1.17  -0.24   21.21 344.42
000616,  -1.41  -2.61   0.33   21.42 344.54
000616,  -1.83  -2.79  -1.22   21.37 344.50
000617,  -1.73  -2.40  -1.16   21.28 344.46
000617,  -1.20  -2.75  -0.76   21.52 344.60
000617,  -0.86  -2.96  -0.59   21.54 344.60
000617,  -1.22  -3.06  -0.77   21.53 344.60
000617,  -1.03  -3.09  -0.90   21.51 344.58
000618,  -1.57  -2.87  -0.85   21.51 344.58
000618,  -1.40  -3.43  -0.74   21.37 344.50
000618,  -1.34  -3.78  -1.22   21.18 344.40
000618,  -1.16  -3.87  -1.37   20.99 344.28
000618,  -0.88  -3.79  -1.42   21.03 344.30
000619,  -0.88  -3.38  -1.33   21.05 344.32
000619,  -1.04  -3.25  -0.83   21.08 344.34
000619,  -0.39  -3.19  -0.05   21.04 344.32
000619,  -0.52  -3.06  -0.26   21.09 344.34
000619,  -0.26  -2.85   0.15   21.06 344.32
000620,   0.00  -3.15   0.56   21.02 344.30
000620,  -0.55  -2.44   0.64   21.07 344.34
000620,  -0.91  -2.29   0.46   21.16 344.38
000620,  -1.34  -2.42  -0.19   21.16 344.38
000620,  -1.16  -2.43  -0.30   21.14 344.38
000621,  -1.12  -2.27  -0.09   21.09 344.34
000621,  -0.54  -1.50   0.29   21.13 344.36
000621,  -0.53  -2.25   0.84   21.12 344.36
000621,  -0.26  -2.92   0.75   21.09 344.34
000621,  -0.26  -2.93   0.25   21.07 344.34
000622,   0.18  -2.98   0.35   21.06 344.32
000622,  -0.29  -3.81   0.48   21.03 344.30
000622,   0.15  -4.33   0.52   21.03 344.30
000622,  -0.42  -4.13   0.35   21.06 344.32
000622,  -0.16  -4.57  -0.33   21.01 344.30
000623,  -0.05  -4.48  -0.03   21.04 344.32
000623,   0.00  -4.45   0.06   20.94 344.26
000623,  -0.50  -3.82  -0.98   21.05 344.32
000623,  -0.26  -3.68  -0.81   21.03 344.30
000623,  -1.10  -3.87  -0.67   20.94 344.26
000624,  -1.48  -4.03  -0.62   20.92 344.24
000624,  -1.96  -3.60  -1.14   21.08 344.34
000624,  -1.90  -3.42  -1.15   21.13 344.36
000624,  -1.79  -3.73  -1.45   21.04 344.32
000624,  -0.90  -4.99   0.16   20.98 344.28
000625,  -0.74  -5.19   0.11   21.03 344.30
000625,  -1.48  -4.44   0.01   21.07 344.34
000625,  -1.38  -4.47  -0.39   21.02 344.30
000625,  -1.54  -4.88  -0.55   21.02 344.30
000625,  -1.68  -5.03  -0.67   21.03 344.30
000626,  -1.57  -5.00  -0.23   21.03 344.30
000626,  -1.51  -4.75   0.15   20.97 344.28
000626,  -1.17  -4.36  -0.24   21.03 344.30
000626,  -1.22  -4.24  -0.52   21.03 344.30
000626,  -0.99  -4.28  -0.72   21.01 344.30
000627,  -1.25  -4.15  -0.85   21.06 344.32
000627,  -1.09  -4.37  -1.16   21.06 344.32
000627,  -1.05  -4.53  -1.26   21.00 344.28
000627,  -0.37  -4.02  -0.62   21.04 344.32
000627,  -1.21  -4.53  -0.51   21.00 344.28
000628,  -1.33  -4.31  -0.31   20.99 344.28
000628,  -1.51  -4.40  -0.04   21.02 344.30
000628,  -1.01  -4.62   0.14   21.05 344.32
000628,  -1.56  -4.22  -0.25   21.06 344.32
000628,  -1.89  -4.14  -0.32   21.06 344.32
000629,  -1.91  -4.37  -0.38   21.05 344.32
000629,  -2.23  -4.36  -0.51   21.04 344.32
000629,  -2.29  -4.39  -0.44   20.98 344.28
000629,  -2.43  -3.82  -0.63   21.03 344.30
000629,  -1.72  -4.07  -0.73   21.04 344.32
000630,  -2.01  -3.99   0.00   21.04 344.32
000630,  -1.19  -3.68   0.16   21.03 344.30
000630,  -1.02  -4.09  -0.75   21.03 344.30
000630,  -1.88  -4.34  -1.59   21.02 344.30
000630,  -1.78  -4.23  -1.24   21.02 344.30
000631,  -1.45  -3.82  -0.44   21.04 344.32
000631,  -1.30  -3.46   0.58   21.00 344.28
000631,  -0.64  -3.13   0.63   20.94 344.26
000631,  -0.67  -2.65   0.28   20.99 344.28
000631,  -0.70  -2.38   0.39   20.99 344.28
000632,  -0.51  -2.68   0.60   20.89 344.22
000632,  -0.17  -2.86   0.78   20.90 344.24
000632,  -0.59  -2.69   0.48   20.99 344.28
000632,  -0.37  -2.98  -1.01   21.02 344.30
000632,  -0.09  -3.09  -1.35   21.03 344.30
000633,  -0.27  -3.53  -1.70   21.03 344.30
000633,  -0.67  -3.29  -1.14   21.05 344.32
000633,  -0.33  -3.12  -0.90   21.06 344.32
000633,  -0.55  -4.14  -1.38   20.99 344.28
000633,  -1.35  -4.54  -1.27   21.04 344.32
000634,   0.07  -4.25  -0.79   21.01 344.30
000634,   0.54  -4.92  -0.52   20.95 344.26
000634,   0.48  -4.48   0.06   21.03 344.30
000634,   0.34  -4.05  -0.32   20.99 344.28
000634,   1.19  -3.93  -0.16   20.94 344.26
000635,   0.08  -3.86   0.87   20.96 344.26
000635,   0.41  -4.04   0.36   20.87 344.22
000635,   0.47  -3.32   0.34   20.93 344.24
000635,  -0.15  -3.30   0.90   20.95 344.26
000635,  -0.14  -2.85   0.86   21.01 344.30
000636,   0.59  -3.28  -0.30   20.98 344.28
000636,   0.41  -3.04   0.29   20.94 344.26
000636,   0.21  -3.41   0.14   21.02 344.30
000636,   0.19  -2.67   1.12   20.94 344.26
000636,   0.07  -2.49   0.56   20.95 344.26
000637,  -0.20  -2.61   0.80   20.99 344.28
000637,  -0.37  -2.95  -0.16   21.02 344.30
000637,  -0.11  -3.66   0.28   21.00 344.28
000637,  -0.29  -3.12   0.66   21.01 344.30
000637,  -0.31  -2.65   1.14   21.02 344.30
000638,  -0.58  -2.50   0.52   21.02 344.30
000638,   0.26  -2.46  -0.50   21.04 344.32
000638,  -0.13  -2.77  -0.72   21.02 344.30
000638,  -0.06  -3.25  -0.87   21.03 344.30
000638,  -0.76  -3.77   0.60   21.00 344.28
000639,  -1.18  -3.45   0.28   21.05 344.32
000639,  -0.76  -3.93  -0.07   21.05 344.32
000639,  -0.50  -3.57  -0.10   21.05 344.32
000639,  -0.42  -3.31   0.24   21.03 344.30
000639,   0.05  -3.21   0.89   21.02 344.30
000640,   0.21  -3.18   1.09   20.96 344.26
